page_id,page_name,page_category,total_ads,active_ads,distinct_collations,new_ads_30d,always_on_share,creative_refresh_rate,share_message,share_call,share_form,share_web,dominant_cta,page_like_count,platform_count,platforms,ad_texts_combined,domains,has_carousel,has_video,signal_strength,has_business_name,has_consult_ad
821388184391028,Terra Nova Roofing,,2,2,1,2,0.0,0.5,0.0,0.0,0.0,1.0,LEARN_MORE,5,0,[],"Affordable New Roof! 
That's crazy.

Roofs are like 15k usually.

Right?

Sort of‚Ä¶

But not really.

It has to do with the size, the difficulty, and the materials.

Thing is‚Ä¶

There's a fair price.

And there's pricing that's so insanely ridiculous that I don't know how these roofing contractors sleep at night.

My name is David and I own Terra Nova Roofing.

Here's how I run my business:

First and foremost, I do amazing work.

I don't settle for anything less.

No corner cutting.

No junky materials.

And I only work with my crews.

But there's more‚Ä¶

Because I'm a small company that I run really well, I don't have a ton of overhead.

Unlike the big bloated companies who have fancy offices and TV commercials and billboards‚Ä¶

Guess who pays for all of that?

Yup... YOU.

That's not at all how I roll.

So, I can do something really awesome:

I can do amazing work.

Install roofs that are gorgeous and protect your home.

WITHOUT charging you 200% more than it should really cost.

The best work, the best materials, at fair prices.

So you can not only have peace of mind, but also save money.

Simple.

Click ""Learn More"" To Get A FREE Estimate! | Affordable New Roof! 
That's crazy.

Roofs are like 15k usually.

Right?

Sort of‚Ä¶

But not really.

It has to do with the size, the difficulty, and the materials.

Thing is‚Ä¶

There's a fair price.

And there's pricing that's so insanely ridiculous that I don't know how these roofing contractors sleep at night.

My name is David and I own Terra Nova Roofing.

Here's how I run my business:

First and foremost, I do amazing work.

I don't settle for anything less.

No corner cutting.

No junky materials.

And I only work with my crews.

But there's more‚Ä¶

Because I'm a small company that I run really well, I don't have a ton of overhead.

Unlike the big bloated companies who have fancy offices and TV commercials and billboards‚Ä¶

Guess who pays for all of that?

Yup... YOU.

That's not at all how I roll.

So, I can do something really awesome:

I can do amazing work.

Install roofs that are gorgeous and protect your home.

WITHOUT charging you 200% more than it should really cost.

The best work, the best materials, at fair prices.

So you can not only have peace of mind, but also save money.

Simple.

Click ""Learn More"" To Get A FREE Estimate! | Low Affordable Roof No BS | Low Affordable Roof No BS","[""fb.me""]",False,True,2,True,True
2047497128815624,Lance C. Greenberg,,5,5,3,5,0.0,0.6,0.0,0.0,0.0,1.0,LEARN_MORE,263,0,[],"Predictable qualified leads‚Ä¶

That's what scales your business.

I've seen it over and over again across hundreds of businesses.

A business spends $100k, $200k, $400k on leads that will never close.. Then they install a Qualified Lead System and they scale their business profitably.

I'll help you install this system to increase your lead quality basically over night, and give you a strategy and system to scale your advertising past 7 figures while removing yourself from the process.

Most of my clients have media buyers or agencies, but they don‚Äôt typically come with a scaling strategy.

They focus on cost per lead, but that doesn't put qualified leads on your closers' calendars, and any feedback just leads the marketing team to point fingers toward sales.

Which pulls you back in the weeds and out of solving higher level problems in your business.

This isn't always the advertisers fault, and you might not have to fire them.

But this doesn't fix itself, and the stakes get higher the longer you wait.

Good news is right now.. it‚Äôs way easier to get higher lead quality than it‚Äôs ever been.

You just need to install a Qualified Lead System for driving qualified leads predictably.

Once you have that, it gives you the stability to identify the real bottlenecks in your business, and map out a plan to scale over the next 6-12 months.

Book a call if you want me to help you with it.
‚û°Ô∏è https://www.lancecgreenberg.com/work-with-lance

‚Äî Lance C. Greenberg | Influencing the AI to target affluent, high-ticket buyers predictably‚Ä¶

That's what scales your business.

I've seen it over and over again across hundreds of businesses.

A business spends $100k, $200k, $400k on leads that will never close.. Then they install Influence OS and they scale their business profitably.

I'll help you install this system to increase your lead quality basically over night, and give you a strategy and system to scale your advertising past 7 figures while removing yourself from the process.

Most of my clients have media buyers or agencies, but they don't typically come with a scaling strategy.

They focus on cost per lead, but that doesn't put qualified leads on your closers' calendars, and any feedback just leads the marketing team to point fingers toward sales.

Which pulls you back in the weeds and out of solving higher level problems in your business.

This isn't always the advertisers fault, and you might not have to fire them.

But this doesn't fix itself, and the stakes get higher the longer you wait.

Good news is right now.. it's way easier to get higher lead quality than it's ever been.

You just need a system for driving qualified leads predictably. (without you micro managing it)

Once you have that, it gives you the stability to identify the real bottlenecks in your business, and map out a plan to scale over the next 6-12 months.

If low lead quality‚Äôs keeping your high ticket business from scaling...

We're going to change that right now, starting with one high leverage conversation.

Tap the link to book in a spot on my calendar, and I'll walk you through exactly how it works.
‚û°Ô∏è https://www.lancecgreenberg.com/work-with-lance

- Lance C. Greenberg | Influencing the AI to target affluent, high-ticket buyers predictably‚Ä¶

That's what scales your business.

I've seen it over and over again across hundreds of businesses.

A business spends $100k, $200k, $400k on leads that will never close.. Then they install Influence OS and they scale their business profitably.

I'll help you install this system to increase your lead quality basically over night, and give you a strategy and system to scale your advertising past 7 figures while removing yourself from the process.

Most of my clients have media buyers or agencies, but they don't typically come with a scaling strategy.

They focus on cost per lead, but that doesn't put qualified leads on your closers' calendars, and any feedback just leads the marketing team to point fingers toward sales.

Which pulls you back in the weeds and out of solving higher level problems in your business.

This isn't always the advertisers fault, and you might not have to fire them.

But this doesn't fix itself, and the stakes get higher the longer you wait.

Good news is right now.. it's way easier to get higher lead quality than it's ever been.

You just need a system for driving qualified leads predictably. (without you micro managing it)

Once you have that, it gives you the stability to identify the real bottlenecks in your business, and map out a plan to scale over the next 6-12 months.

If low lead quality‚Äôs keeping your high ticket business from scaling...

We're going to change that right now, starting with one high leverage conversation.

Tap the link to book in a spot on my calendar, and I'll walk you through exactly how it works.
‚û°Ô∏è https://www.lancecgreenberg.com/work-with-lance

- Lance C. Greenberg | Predictable qualified leads‚Ä¶

That's what scales your business.

I've seen it over","[""lancecgreenberg.com""]",False,True,1,False,True
112251220174933,"Eric Aragon, CPA",,5,5,0,5,0.0,0.0,0.0,0.0,0.0,1.0,LEARN_MORE,1036,0,[],"One competitor made $8M and paid $200K in taxes. Another $8M business paid $900K. Same revenue. Different structure.

Free training this Thursday at 7pm EST, learn the system that's helped clients implement coordinated tax planning strategies.

For business owners only (not W-2 employees) with complex tax obligations.

Register now. | One competitor made $8M and paid $200K in taxes. Another $8M business paid $900K. Same revenue. Different structure.

Free training this Thursday at 7pm EST, learn the system that's helped clients implement coordinated tax planning strategies.

For business owners only (not W-2 employees) with complex tax obligations.

Register now. | One competitor made $8M and paid $200K in taxes. Another $8M business paid $900K. Same revenue. Different structure.

Free training this Thursday at 7pm EST, learn the system that's helped clients implement coordinated tax planning strategies.

For business owners only (not W-2 employees) with complex tax obligations.

Register now. | One competitor made $8M and paid $200K in taxes. Another $8M business paid $900K. Same revenue. Different structure.

Free training this Thursday at 7pm EST, learn the system that's helped clients implement coordinated tax planning strategies.

For business owners only (not W-2 employees) with complex tax obligations.

Register now. | One competitor made $8M and paid $200K in taxes. Another $8M business paid $900K. Same revenue. Different structure.

Free training this Thursday at 7pm EST, learn the system that's helped clients implement coordinated tax planning strategies.

For business owners only (not W-2 employees) with complex tax obligations.

Register now. | How Strategic Planning Can Significantly Reduce Tax Exposure | How Strategic Planning Can Significantly Reduce Tax Exposure | How Strategic Planning Can Significantly Reduce Tax Exposure | How Strategic Planning Can Significantly Reduce Tax Exposure | How Strategic Planning Can Significantly Reduce Tax Exposure | Free Webinar: Learn the Big 4 System | Free Webinar: Learn the Big 4 System | Free Webinar: Learn the Big 4 System | Free Webinar: Learn the Big 4 System | Free Webinar: Learn the Big 4 System","[""go.aragonadvisors.com""]",False,False,1,True,False
468314626373408,The Auto Deal Spot,,4,4,2,4,0.0,0.5,0.0,0.0,0.0,1.0,LEARN_MORE,2,0,[],"Learn more about the new Hyundai Tucson and discover how to enjoy its capability, comfort, and modern features without breaking the bank. Follow the link to read the guide. | Learn more about the new Hyundai Tucson and discover how to enjoy its capability, comfort, and modern features without breaking the bank. Follow the link to read the guide. | Learn more about the new Hyundai Tucson and discover how to enjoy its capability, comfort, and modern features without breaking the bank. Follow the link to read the guide. | Learn more about the new Hyundai Tucson and discover how to enjoy its capability, comfort, and modern features without breaking the bank. Follow the link to read the guide. | Hyundai Tucson 2026 Deals: Info Guide | Hyundai Tucson 2026 Deals: Info Guide | Hyundai Tucson 2026 Deals: Info Guide | Hyundai Tucson 2026 Deals: Info Guide | Hunting for the best 2026 Hyundai Tucson deals? Here‚Äôs how to compare lease, finance, and hybrid offers with confidence. We‚Äôll clarify out‚Äëthe‚Äëdoor pricing, money factors, promotional APRs, comparison rates, business‚Äëuse options, residuals, and pre‚Äëqualification‚Äîso you can pick the rig... | Hunting for the best 2026 Hyundai Tucson deals? Here‚Äôs how to compare lease, finance, and hybrid offers with confidence. We‚Äôll clarify out‚Äëthe‚Äëdoor pricing, money factors, promotional APRs, comparison rates, business‚Äëuse options, residuals, and pre‚Äëqualification‚Äîso you can pick the rig... | Hunting for the best 2026 Hyundai Tucson deals? Here‚Äôs how to compare lease, finance, and hybrid offers with confidence. We‚Äôll clarify out‚Äëthe‚Äëdoor pricing, money factors, promotional APRs, comparison rates, business‚Äëuse options, residuals, and pre‚Äëqualification‚Äîso you can pick the rig... | Hunting for the best 2026 Hyundai Tucson deals? Here‚Äôs how to compare lease, finance, and hybrid offers with confidence. We‚Äôll clarify out‚Äëthe‚Äëdoor pricing, money factors, promotional APRs, comparison rates, business‚Äëuse options, residuals, and pre‚Äëqualification‚Äîso you can pick the rig...","[""boiteascoop.com""]",False,False,1,True,False
115561387020873,The Junkster,,2,2,1,2,0.0,0.5,0.0,0.0,0.0,1.0,LEARN_MORE,359,0,[],"South Jersey Residents üè†

Do you need junk removed? 

Let our friendly team of professionals do the heavy lifting so you don't have to!

Here are just a few of the services that we offer:

‚úÖ Property Cleanouts
‚úÖ Mattress Removal
‚úÖ Appliance Removal 
‚úÖ Furniture Removal
‚úÖ Hot Tub Removal
‚úÖ Storage Unit Cleanouts

‚≠ê‚≠ê‚≠ê‚≠ê‚≠ê
5-Star Gibbsboro locally owned and operated business here to clear that clutter for you!

Take advantage of our special offer of $20 off while it's available! üëáüèº | South Jersey Residents üè†

Do you need junk removed? 

Let our friendly team of professionals do the heavy lifting so you don't have to!

Here are just a few of the services that we offer:

‚úÖ Property Cleanouts
‚úÖ Mattress Removal
‚úÖ Appliance Removal 
‚úÖ Furniture Removal
‚úÖ Hot Tub Removal
‚úÖ Storage Unit Cleanouts

‚≠ê‚≠ê‚≠ê‚≠ê‚≠ê
5-Star Gibbsboro locally owned and operated business here to clear that clutter for you!

Take advantage of our special offer of $20 off while it's available! üëáüèº | Get Your Free Estimate Today! | Get Your Free Estimate Today!","[""fb.com""]",False,True,1,False,True
210305678999899,"Glass Doctor of Livonia, MI",,2,2,0,2,0.0,0.0,0.0,0.0,0.0,1.0,LEARN_MORE,469,0,[],"Windshield chip? Broken window? Glass Doctor offers quick, expert glass repair for your car, home, or business. Wherever you need us, we‚Äôre ready to help. Click 'Learn More' for fast, reliable service! | Foggy windows? Glass Doctor offers quick, expert glass repair for your home or business. Wherever you need us, we‚Äôre ready to help. Click 'Learn More' for fast, reliable service! | Call for Expert Glass Repair | Call for Expert Glass Repair | The Qualified & Insured Experts at Glass Doctor of Livonia, MI Service Home, Business + Auto Glass Repairs and Replacements. Call (248) 471-5087!","[""glassdoctor.com""]",False,True,1,True,False
17007508279,University of Pittsburgh School of Business,,2,2,0,2,0.0,0.0,0.0,0.0,0.0,1.0,LEARN_MORE,7641,0,[],{{product.brand}} | {{product.brand}} | {{product.name}} | {{product.name}} | {{product.description}} | {{product.description}},"[""business.pitt.edu""]",True,False,1,True,False
103880159089517,Home Grown Business,,2,2,1,2,0.0,0.5,0.0,0.0,0.0,1.0,VIEW_INSTAGRAM_PROFILE,117,0,[],"HG Uniform Sweats Releasing Friday 1/23 at 1200 PST. 

Only 100 pcs are Premade. Once the premade sellout all remaining orders will be preorder and will ship within 2-3 weeks. Highly suggest getting on our SMS Early Access to secure the premade pair! 

Sweats available in Vintage Black & Vintage Navy

Both models wearing size M | HG Uniform Sweats Releasing Friday 1/23 at 1200 PST. 

Only 100 pcs are Premade. Once the premade sellout all remaining orders will be preorder and will ship within 2-3 weeks. Highly suggest getting on our SMS Early Access to secure the premade pair! 

Sweats available in Vintage Black & Vintage Navy

Both models wearing size M","[""instagram.com""]",True,False,1,True,False
643763915491306,Bayridge Advisory,,2,2,2,2,0.0,1.0,0.0,0.0,0.0,1.0,LEARN_MORE,2,0,[],"‚ùóLife Insurance Agents & Agencies Selling Mortgage Protection Writing $10K+/Month‚ùó

üëâ In the next 30 days, we‚Äôll flood your pipeline with qualified, exclusive, high-intent mortgage protection prospects and - you ONLY PAY PER QUALIFIED LEAD.

No retainers. No contracts. No upfront risk.

You only pay for verified homeowners actively requesting coverage.

Click ‚ÄúLearn More‚Äù to apply to work with us and book a quick call.

üí≠ Imagine if motivated homeowners came to you every week instead of dealing with:
 ‚ùå Old or recycled leads
 ‚ùå Low-intent Facebook forms
 ‚ùå Retainers that never ROI
 ‚ùå Chasing homeowners who never answer

‚úÖ Homeowners OTP verified
‚úÖ Mortgage status & intent pre-qualified
‚úÖ AI follow-up + appointment setting
‚úÖ Pay-as-you-go ‚Äî scale when you want

üìà Here‚Äôs what‚Äôs possible:
ü•á Brandon scaled from $18K to $41K/month in AP in under 20 days using exclusive AI-qualified leads
ü•à Tony scaled to $22.4k/m with our leads
ü•â Kelly hit $6k in new AP's in just 2 days with our leads

Click ‚ÄúLearn More,‚Äù fill out the quick form, and book a short call to see if your territory is available.

We only work with one agent per area to guarantee exclusivity. ‚¨áÔ∏è‚¨áÔ∏è‚¨áÔ∏è‚¨áÔ∏è | ‚ùóLife Insurance Agents & Agencies Selling Mortgage Protection Writing $10K+/Month‚ùó

üëâ In the next 30 days, we‚Äôll flood your pipeline with qualified, exclusive, high-intent mortgage protection prospects and - you ONLY PAY PER QUALIFIED LEAD.

No retainers. No contracts. No upfront risk.

You only pay for verified homeowners actively requesting coverage.

Click ‚ÄúLearn More‚Äù to apply to work with us and book a quick call.

üí≠ Imagine if motivated homeowners came to you every week instead of dealing with:
 ‚ùå Old or recycled leads
 ‚ùå Low-intent Facebook forms
 ‚ùå Retainers that never ROI
 ‚ùå Chasing homeowners who never answer

‚úÖ Homeowners OTP verified
‚úÖ Mortgage status & intent pre-qualified
‚úÖ AI follow-up + appointment setting
‚úÖ Pay-as-you-go ‚Äî scale when you want

üìà Here‚Äôs what‚Äôs possible:
ü•á Brandon scaled from $18K to $41K/month in AP in under 20 days using exclusive AI-qualified leads
ü•à Tony scaled to $22.4k/m with our leads
ü•â Kelly hit $6k in new AP's in just 2 days with our leads

Click ‚ÄúLearn More,‚Äù fill out the quick form, and book a short call to see if your territory is available.

We only work with one agent per area to guarantee exclusivity. ‚¨áÔ∏è‚¨áÔ∏è‚¨áÔ∏è‚¨áÔ∏è | Only Pay Per Qualified & High Intent Leads | Only Pay Per Qualified & High Intent Leads","[""fb.me""]",False,True,1,True,False
103348935230170,Jet Gang Watersports,,1,1,1,1,0.0,1.0,0.0,0.0,0.0,1.0,LEARN_MORE,10664,0,[],"Starting at $25,000. Purchase a Jet Car for business or personal use! | Get a quote today!",[],False,True,1,False,True
106485550030,The Home Depot,,1,1,0,1,0.0,0.0,0.0,0.0,0.0,1.0,SHOP_NOW,5829283,0,[],Take on more jobs with RIDGID,"[""homedepot.com""]",True,False,1,True,False
1541303462822458,Colorado Property Group of RE/MAX Pinnacle,,1,1,1,1,0.0,1.0,0.0,0.0,0.0,1.0,LEARN_MORE,630,0,[],"This is meant for people who are serious about building a career, not just exploring a side option.

Real estate, when done the right way, requires full-time commitment, consistency, and a willingness to learn. It‚Äôs not easy, but for the right person, it can be a meaningful long-term path with real ownership and growth.

At Colorado Property Group, we focus on doing this business the right way. We value accountability, collaboration, and contribution. The people who thrive here are curious, coachable, and willing to put in the work over time.

This path isn‚Äôt for everyone, and that‚Äôs okay. But for someone who is ready to commit and wants to grow in the right environment, it can be incredibly rewarding.

If you‚Äôre in Southwest Colorado and considering a full-time career shift, you can fill out the form below and we‚Äôll take a look. | Built for full-time commitment | Long-term career path","[""fb.me""]",False,False,1,True,False
400469210346987,Justine Hooper-Broker/Owner of Amplified Real Estate,,1,1,1,1,0.0,1.0,0.0,0.0,0.0,1.0,LEARN_MORE,1030,0,[],"You already know how to sell.
The question is whether your brokerage helps you scale.

Amplified is built for agents who want better strategy, real accountability, and an environment that supports higher-level growth.
Click through to see if this is the right next move for you. | Ready for Your Next Level? | Explore the Amplified agent experience","[""amplifiedre.com""]",False,True,1,True,False
791679354319686,Bay Capital Mortgage Corporation,,1,1,0,1,0.0,0.0,0.0,0.0,0.0,1.0,LEARN_MORE,924,0,[],We close on time. Every time. | Bay Capital Mortgage | Nick Thomas- Director of Business Development,"[""whybaycapital.com""]",False,True,1,True,False
852732448175394,Sean Dittmer Sells Hi-Desert Real Estate,,1,1,1,1,0.0,1.0,0.0,0.0,0.0,1.0,LEARN_MORE,7358,0,[],"üåü 5-Star Client Review üåü Helping first-time home buyers navigate the process with confidence is something I truly care about. Buying a home can feel overwhelming, and my goal is always to make it clear, manageable, and even enjoyable along the way. I‚Äôm incredibly grateful for the trust placed in me and honored to be part of such an important milestone. Building real relationships not just closing transactions is what this business is all about.
If you‚Äôre thinking about buying or selling in Yucca Valley, Joshua Tree, or the High Desert, I‚Äôd love to be in your corner too.
üì≤ Always happy to help.
Sean Dittmer Realtor 
760-553-5306 
Cameron Wortman & Sean Dittmer Real Estate Team 
C & S Real Estate 
DRE 02038631 
www.CandSrealestate.com 

#5StarReview #HappyClients #FirstTimeHomeBuyers #YuccaValleyRealEstate #HighDesertRealEstate TrustedRealtor ClientExperience CSEstateHomes CamAndSeansTeam TopRealtor","[""candsrealestate.com""]",False,True,1,True,False
368212700808993,Cumberland Coatings,,1,1,1,1,0.0,1.0,0.0,0.0,0.0,1.0,GET_IN_TOUCH,409,0,[],"Knoxville & Surrounding Areas üè†

20% off on all our Painting Services through the the ENTIRE month of January‚ÄºÔ∏è

Let‚Äôs update your home without the hassle or mess!

Call or message us for a free estimate at 865-765-6819.
‚≠êÔ∏è5 star rated business
‚ÄºÔ∏èFully Licensed & Insured | Get a Free Estimate","[""fb.me""]",False,True,1,False,True
