page_id,page_name,page_category,total_ads,share_web,dominant_cta,has_business_name,has_consult_ad,signal_strength,ad_text_preview
821388184391028,Terra Nova Roofing,,2,1.0,LEARN_MORE,True,True,2,"Affordable New Roof! 
That's crazy.

Roofs are like 15k usually.

Right?

Sort of‚Ä¶

But not really.

It has to do with the size, the difficulty, and the materials.

Thing is‚Ä¶

There's a fair price.

A"
2047497128815624,Lance C. Greenberg,,5,1.0,LEARN_MORE,False,True,1,"Predictable qualified leads‚Ä¶

That's what scales your business.

I've seen it over and over again across hundreds of businesses.

A business spends $100k, $200k, $400k on leads that will never close.."
112251220174933,"Eric Aragon, CPA",,5,1.0,LEARN_MORE,True,False,1,"One competitor made $8M and paid $200K in taxes. Another $8M business paid $900K. Same revenue. Different structure.

Free training this Thursday at 7pm EST, learn the system that's helped clients imp"
468314626373408,The Auto Deal Spot,,4,1.0,LEARN_MORE,True,False,1,"Learn more about the new Hyundai Tucson and discover how to enjoy its capability, comfort, and modern features without breaking the bank. Follow the link to read the guide. | Learn more about the new "
115561387020873,The Junkster,,2,1.0,LEARN_MORE,False,True,1,"South Jersey Residents üè†

Do you need junk removed? 

Let our friendly team of professionals do the heavy lifting so you don't have to!

Here are just a few of the services that we offer:

‚úÖ Property "
210305678999899,"Glass Doctor of Livonia, MI",,2,1.0,LEARN_MORE,True,False,1,"Windshield chip? Broken window? Glass Doctor offers quick, expert glass repair for your car, home, or business. Wherever you need us, we‚Äôre ready to help. Click 'Learn More' for fast, reliable service"
17007508279,University of Pittsburgh School of Business,,2,1.0,LEARN_MORE,True,False,1,{{product.brand}} | {{product.brand}} | {{product.name}} | {{product.name}} | {{product.description}} | {{product.description}}
103880159089517,Home Grown Business,,2,1.0,VIEW_INSTAGRAM_PROFILE,True,False,1,"HG Uniform Sweats Releasing Friday 1/23 at 1200 PST. 

Only 100 pcs are Premade. Once the premade sellout all remaining orders will be preorder and will ship within 2-3 weeks. Highly suggest getting o"
643763915491306,Bayridge Advisory,,2,1.0,LEARN_MORE,True,False,1,"‚ùóLife Insurance Agents & Agencies Selling Mortgage Protection Writing $10K+/Month‚ùó

üëâ In the next 30 days, we‚Äôll flood your pipeline with qualified, exclusive, high-intent mortgage protection prospect"
103348935230170,Jet Gang Watersports,,1,1.0,LEARN_MORE,False,True,1,"Starting at $25,000. Purchase a Jet Car for business or personal use! | Get a quote today!"
106485550030,The Home Depot,,1,1.0,SHOP_NOW,True,False,1,Take on more jobs with RIDGID
1541303462822458,Colorado Property Group of RE/MAX Pinnacle,,1,1.0,LEARN_MORE,True,False,1,"This is meant for people who are serious about building a career, not just exploring a side option.

Real estate, when done the right way, requires full-time commitment, consistency, and a willingness"
400469210346987,Justine Hooper-Broker/Owner of Amplified Real Estate,,1,1.0,LEARN_MORE,True,False,1,"You already know how to sell.
The question is whether your brokerage helps you scale.

Amplified is built for agents who want better strategy, real accountability, and an environment that supports hig"
791679354319686,Bay Capital Mortgage Corporation,,1,1.0,LEARN_MORE,True,False,1,We close on time. Every time. | Bay Capital Mortgage | Nick Thomas- Director of Business Development
852732448175394,Sean Dittmer Sells Hi-Desert Real Estate,,1,1.0,LEARN_MORE,True,False,1,"üåü 5-Star Client Review üåü Helping first-time home buyers navigate the process with confidence is something I truly care about. Buying a home can feel overwhelming, and my goal is always to make it clea"
368212700808993,Cumberland Coatings,,1,1.0,GET_IN_TOUCH,False,True,1,"Knoxville & Surrounding Areas üè†

20% off on all our Painting Services through the the ENTIRE month of January‚ÄºÔ∏è

Let‚Äôs update your home without the hassle or mess!

Call or message us for a free estim"
