page_id,page_name,sector,gate_passed,gate_reason,total_score,money_score,urgency_score,fit_score,explicit_fit,implicit_fit,total_ads,share_message,share_call,share_form,share_web,dominant_cta,page_category
102942631652183,America Business College- Escuela CDL,Education,True,MESSAGE,54,16,27,11,5,6,4,100.0,0.0,0.0,0.0,MESSAGE_PAGE,
730076206846016,Pixelency Animation Studio,Professional Services,True,MESSAGE,46,9,27,10,2,8,1,100.0,0.0,0.0,0.0,MESSAGE_PAGE,
657337857460508,Suite Success LLC,Beauty & Wellness,True,MESSAGE,46,9,25,12,4,8,1,100.0,0.0,0.0,0.0,MESSAGE_PAGE,
434153476620995,Akins Trailer Sales,Auto & Sales,True,MESSAGE,46,11,25,10,0,10,1,100.0,0.0,0.0,0.0,MESSAGE_PAGE,
375071556659662,Adam Wolken,Legal Services,True,MESSAGE,46,7,31,8,2,6,1,100.0,0.0,0.0,0.0,CONTACT_US,
101625566208769,Phenix Salon Suites CLT,Beauty & Wellness,True,CALL,45,9,25,11,5,6,2,0.0,100.0,0.0,0.0,CALL_NOW,
1162919413853938,Godette Bade,Technology & Software,True,MESSAGE,45,14,25,6,2,4,1,100.0,0.0,0.0,0.0,MESSAGE_PAGE,
942063478987662,Attorney Alfredo G Evangelista,Legal Services,True,MESSAGE,45,4,31,10,8,2,1,100.0,0.0,0.0,0.0,MESSAGE_PAGE,
235864166600389,FoneStar Repair,Technology & Software,True,CALL,45,10,27,8,4,4,1,0.0,100.0,0.0,0.0,CALL_NOW,
904431929418808,Vienna Regus Offices,Nonprofit & Community,True,MESSAGE,44,6,27,11,1,10,2,100.0,0.0,0.0,0.0,CONTACT_US,
1653461011536666,Avic Prod.,Finance & Accounting,True,MESSAGE,44,10,27,7,1,6,2,100.0,0.0,0.0,0.0,WHATSAPP_MESSAGE,
111769768311265,Melissa Bartlett - Hightower Heritage Real Estate - JMG,Real Estate,True,MESSAGE,44,10,25,9,1,8,1,100.0,0.0,0.0,0.0,MESSAGE_PAGE,
309811488886068,East Coast Excavators,Entertainment & Media,True,MESSAGE,43,14,25,4,0,4,3,100.0,0.0,0.0,0.0,MESSAGE_PAGE,
135493196309812,Haus Of Halcyon Beauty Parlor,Beauty & Wellness,True,MESSAGE,42,7,25,10,2,8,1,100.0,0.0,0.0,0.0,MESSAGE_PAGE,
844785852052196,George Jones Appliance Repair,Home Services,True,CALL,42,8,25,9,1,8,1,0.0,100.0,0.0,0.0,CALL_NOW,
113136014154726,The Offices of BriTri,Finance & Accounting,True,MESSAGE,41,10,25,6,0,6,2,100.0,0.0,0.0,0.0,WHATSAPP_MESSAGE,
100455246425179,You Have it Maid Cleaning Service ,Home Services,True,MESSAGE,41,8,27,6,2,4,1,100.0,0.0,0.0,0.0,MESSAGE_PAGE,
143179222384420,Log Cabin Furniture,Furniture & Retail,True,MESSAGE,40,11,25,4,0,4,1,100.0,0.0,0.0,0.0,MESSAGE_PAGE,
1422249441364490,Mr. Mattress & More LLC,Furniture & Retail,True,CALL,39,10,25,4,0,4,1,0.0,100.0,0.0,0.0,CALL_NOW,
152640558098758,BSD,Home Services,True,MESSAGE,39,10,25,4,0,4,1,100.0,0.0,0.0,0.0,MESSAGE_PAGE,
106707330727723,Furniture World Bremerton,Furniture & Retail,True,CALL,38,9,25,4,0,4,1,0.0,100.0,0.0,0.0,CALL_NOW,
330403333488117,906.sh,Technology & Software,True,MESSAGE,38,6,27,5,1,4,1,100.0,0.0,0.0,0.0,MESSAGE_PAGE,
261511563719200,Furniture World Puyallup,Furniture & Retail,True,CALL,38,9,25,4,0,4,1,0.0,100.0,0.0,0.0,CALL_NOW,
232635353261905,McElhinney Painting and Restoration,Home Services,True,CALL,38,7,25,6,0,6,1,0.0,100.0,0.0,0.0,CALL_NOW,
111541978255580,Furniture World Aberdeen,Furniture & Retail,True,CALL,38,9,25,4,0,4,1,0.0,100.0,0.0,0.0,CALL_NOW,
104333538385358,HEM Fence & Construction LLC,Home Services,True,MESSAGE,37,8,25,4,0,4,1,100.0,0.0,0.0,0.0,MESSAGE_PAGE,
101630366100972,Furniture World Snohomish,Furniture & Retail,True,CALL,37,8,25,4,0,4,1,0.0,100.0,0.0,0.0,CALL_NOW,
299728789885114,Furniture World Lakewood ,Furniture & Retail,True,CALL,37,8,25,4,0,4,1,0.0,100.0,0.0,0.0,CALL_NOW,
265061090032745,Furniture World Marysville,Furniture & Retail,True,CALL,37,8,25,4,0,4,1,0.0,100.0,0.0,0.0,CALL_NOW,
981393778385550,A2Z Laserworks LLC,Professional Services,True,MESSAGE,36,7,25,4,0,4,1,100.0,0.0,0.0,0.0,MESSAGE_PAGE,
423786264150918,Furniture World Oak Harbor,Furniture & Retail,True,CALL,36,7,25,4,0,4,1,0.0,100.0,0.0,0.0,CALL_NOW,
110762677304644,Brie Jeo Vercher,Technology & Software,True,MESSAGE,35,6,25,4,0,4,2,100.0,0.0,0.0,0.0,CONTACT_US,
303190653830963,Alberto Ramirez,Technology & Software,True,MESSAGE,35,6,25,4,0,4,2,100.0,0.0,0.0,0.0,CONTACT_US,
105831984697938,Ian Stein,Furniture & Retail,True,MESSAGE,35,4,25,6,0,6,1,100.0,0.0,0.0,0.0,CONTACT_US,
583277004869205,fivestarhosting,Construction & Excavation,True,MESSAGE,35,4,25,6,0,6,1,100.0,0.0,0.0,0.0,CONTACT_US,
109903653866055,Miranda Hoover,Healthcare,True,MESSAGE,35,4,25,6,2,4,1,100.0,0.0,0.0,0.0,CONTACT_US,
855669140973505,TrustLedger Bookkeeping,Finance & Accounting,True,MESSAGE,35,4,25,6,0,6,1,100.0,0.0,0.0,0.0,MESSAGE_PAGE,
124687771598900,Caulfields Family Auto Sales,Auto & Sales,True,FORM,34,20,10,4,2,2,10,0.0,0.0,100.0,0.0,APPLY_NOW,
933610859832233,King Baba Zaaki ,Legal Services,True,MESSAGE,34,5,25,4,0,4,1,100.0,0.0,0.0,0.0,MESSAGE_PAGE,
103618332198895,Ghosxt,Finance & Accounting,True,FORM,33,9,12,12,4,8,2,0.0,0.0,100.0,0.0,GET_QUOTE,
792666860590936,Go Pioneer LLC,Insurance,True,FORM,33,12,14,7,5,2,2,0.0,0.0,100.0,0.0,APPLY_NOW,
103748275923001,tosti91,Education,True,MESSAGE,33,4,25,4,0,4,1,100.0,0.0,0.0,0.0,WHATSAPP_MESSAGE,
960301673813687,Tarjetas y Diseños Designs and more,Education,True,MESSAGE,33,4,25,4,0,4,1,100.0,0.0,0.0,0.0,WHATSAPP_MESSAGE,
954559591076619,Anthony Rivera,Finance & Accounting,True,MESSAGE,33,4,25,4,0,4,1,100.0,0.0,0.0,0.0,CONTACT_US,
808564842346208,Epic Tax Lab,Finance & Accounting,True,FORM,33,4,18,11,5,6,1,0.0,0.0,100.0,0.0,LEARN_MORE,
793529280514998,LLC MAVKD,Finance & Accounting,True,MESSAGE,33,4,25,4,0,4,1,100.0,0.0,0.0,0.0,WHATSAPP_MESSAGE,
110451411441057,Allied Roofing Solutions,Home Services,True,FORM,33,8,12,13,7,6,1,0.0,0.0,100.0,0.0,GET_QUOTE,
106916097540671,Michael Polley,Professional Services,True,MESSAGE,33,4,25,4,0,4,1,100.0,0.0,0.0,0.0,CONTACT_US,
363401266866908,Breezy - HVAC Business App,Technology & Software,True,FORM,31,15,12,4,2,2,6,0.0,0.0,100.0,0.0,SIGN_UP,
105876271645828,Positively Clean,Home Services,True,FORM,31,8,12,11,7,4,1,0.0,0.0,100.0,0.0,GET_QUOTE,
305876669286768,Fitness Business Fast Track,Fitness & Gym,True,FORM,30,11,10,9,5,4,3,0.0,0.0,100.0,0.0,APPLY_NOW,
309923972211800,"Fulton, Brown & Co.",Legal Services,True,FORM,29,8,12,9,3,6,1,0.0,0.0,100.0,0.0,SIGN_UP,
108368711873855,MCKI Bookkeeping,Finance & Accounting,True,FORM,29,6,12,11,5,6,1,0.0,0.0,100.0,0.0,LEARN_MORE,
165333373513645,AMW Roofing & Construction,Home Services,True,FORM,28,10,12,6,4,2,1,0.0,0.0,100.0,0.0,SIGN_UP,
117671857931054,Rainsoft of the Wiregrass,Education,True,FORM,28,9,12,7,3,4,1,0.0,0.0,100.0,0.0,BOOK_TRAVEL,
535301179946142,Astro Exterminating,Home Services,True,FORM,26,16,10,0,0,0,4,0.0,0.0,100.0,0.0,GET_QUOTE,
104582878318716,Willow Fox Author,Entertainment & Media,True,FORM,26,11,14,1,1,0,1,0.0,0.0,100.0,0.0,SHOP_NOW,
1222250964497573,Olenka Cullinan,Education,True,FORM,26,9,14,3,3,0,1,0.0,0.0,100.0,0.0,APPLY_NOW,
959759550551113,"Debt Free NOW, Horizon Debt Law Solutions",Legal Services,True,FORM,26,4,14,8,4,4,1,0.0,0.0,100.0,0.0,APPLY_NOW,
144221129149,UDallas Satish & Yasmin Gupta College of Business,Education,True,RESCUED,25,25,0,0,0,0,2,0.0,0.0,0.0,100.0,LEARN_MORE,
643763915491306,Bayridge Advisory,Finance & Accounting,True,RESCUED,24,6,2,16,10,6,2,0.0,0.0,0.0,100.0,LEARN_MORE,
100119021822496,Velocity Cycling,Education,True,FORM,24,8,12,4,2,2,1,0.0,0.0,100.0,0.0,SIGN_UP,
306752466194585,"PorterKinney, PC",Legal Services,True,FORM,24,10,12,2,0,2,1,0.0,0.0,100.0,0.0,SIGN_UP,
109491685049993,House Offer 365,Real Estate,True,FORM,23,13,10,0,0,0,2,0.0,0.0,100.0,0.0,GET_QUOTE,
287089277984327,Investments & Wealth Institute,Finance & Accounting,True,FORM,23,11,10,2,0,2,1,0.0,0.0,100.0,0.0,SIGN_UP,
112931388397777,Arab Experts Business Consultant & Visas Services,Professional Services,True,FORM,23,13,10,0,0,0,1,0.0,0.0,100.0,0.0,SIGN_UP,
656847720851333,Inkeshdtf LLC,Legal Services,True,FORM,22,10,10,2,2,0,2,0.0,0.0,100.0,0.0,SIGN_UP,
1740011049620778,FieldPulse,Technology & Software,True,FORM,22,12,10,0,0,0,1,0.0,0.0,100.0,0.0,LEARN_MORE,
392450197465092,Megan Niger Photography,Education,True,FORM,22,10,10,2,2,0,1,0.0,0.0,100.0,0.0,BOOK_NOW,
296852050169587,Oxbridge Summer Scholars,Education,True,FORM,21,10,7,4,2,2,2,0.0,0.0,50.0,50.0,LEARN_MORE,
112251220174933,"Eric Aragon, CPA",Finance & Accounting,True,RESCUED,20,16,2,2,0,2,5,0.0,0.0,0.0,100.0,LEARN_MORE,
875978745594119,Sledge Marketing,Professional Services,True,FORM,20,10,10,0,0,0,3,0.0,0.0,100.0,0.0,APPLY_NOW,
524978617371187,Fitness GM,Fitness & Gym,True,FORM,20,10,10,0,0,0,1,0.0,0.0,100.0,0.0,SIGN_UP,
430692313467409,Remote Teams & Talent - Stamp Staff,Professional Services,True,FORM,19,13,6,0,0,0,5,0.0,0.0,60.0,40.0,BOOK_TRAVEL,
210305678999899,"Glass Doctor of Livonia, MI",Healthcare,True,RESCUED,19,11,0,8,2,6,2,0.0,0.0,0.0,100.0,LEARN_MORE,
495862713604091,Ruby home,Home Services,True,FORM,19,7,10,2,2,0,1,0.0,0.0,100.0,0.0,GET_QUOTE,
829690736894004,Scrubz Cleaning,Home Services,True,FORM,19,9,10,0,0,0,1,0.0,0.0,100.0,0.0,GET_QUOTE,
202065099830972,Dr. Joe Vitale,Healthcare,True,RESCUED,19,14,4,1,1,0,1,0.0,0.0,0.0,100.0,LEARN_MORE,
239047537408684,"Brittany Conner, Realtor",Real Estate,True,RESCUED,17,15,0,2,0,2,4,0.0,0.0,0.0,100.0,,
965405053315348,Dr. Doucet,Healthcare,True,RESCUED,16,7,4,5,3,2,1,0.0,0.0,0.0,100.0,LEARN_MORE,
468314626373408,The Auto Deal Spot,Auto & Sales,True,RESCUED,15,9,0,6,4,2,4,0.0,0.0,0.0,100.0,LEARN_MORE,
216911561510694,Q+ Collective,Education,True,FORM,15,5,10,0,0,0,1,0.0,0.0,100.0,0.0,SIGN_UP,
400469210346987,Justine Hooper-Broker/Owner of Amplified Real Estate,Real Estate,True,RESCUED,15,10,0,5,1,4,1,0.0,0.0,0.0,100.0,LEARN_MORE,
368212700808993,Cumberland Coatings,Home Services,True,RESCUED,15,9,0,6,6,0,1,0.0,0.0,0.0,100.0,GET_IN_TOUCH,
821388184391028,Terra Nova Roofing,Home Services,True,RESCUED,13,7,0,6,6,0,2,0.0,0.0,0.0,100.0,LEARN_MORE,
17007508279,University of Pittsburgh School of Business,Education,True,RESCUED,13,13,0,0,0,0,2,0.0,0.0,0.0,100.0,LEARN_MORE,
1541303462822458,Colorado Property Group of RE/MAX Pinnacle,Real Estate,True,RESCUED,13,9,0,4,2,2,1,0.0,0.0,0.0,100.0,LEARN_MORE,
852732448175394,Sean Dittmer Sells Hi-Desert Real Estate,Real Estate,True,RESCUED,13,11,0,2,0,2,1,0.0,0.0,0.0,100.0,LEARN_MORE,
16252374439,Butler Community College,Education,True,RESCUED,12,12,0,0,0,0,1,0.0,0.0,0.0,100.0,LEARN_MORE,
791679354319686,Bay Capital Mortgage Corporation,Real Estate,True,RESCUED,11,9,0,2,0,2,1,0.0,0.0,0.0,100.0,LEARN_MORE,
113821070472428,Rombyk painting llc,Home Services,True,RESCUED,7,7,0,0,0,0,1,0.0,0.0,0.0,100.0,INSTAGRAM_MESSAGE,
289048604302741,Fantasy Hero Country,Other,False,NO_SIGNAL_DROP,39,28,4,7,5,2,32,0.0,0.0,0.0,100.0,LEARN_MORE,
225223170671873,Novellair-A,Other,False,NO_SIGNAL_DROP,38,26,4,8,6,2,40,0.0,0.0,0.0,100.0,LEARN_MORE,
230303593508598,Happyday,Other,False,NO_SIGNAL_DROP,37,31,2,4,4,0,110,0.0,0.0,0.0,100.0,LEARN_MORE,
487741591332537,Griffin Funding,Other,False,NO_SIGNAL_DROP,37,22,5,10,8,2,13,0.0,0.0,0.0,100.0,LEARN_MORE,
940994409096821,Love Reading-H,Content/Entertainment,False,NO_SIGNAL_DROP,36,24,4,8,6,2,100,0.0,0.0,0.0,100.0,LEARN_MORE,
866434503214847,Explore Fictional Worlds-LQ35,Other,False,NO_SIGNAL_DROP,35,23,2,10,4,6,66,0.0,0.0,0.0,100.0,LEARN_MORE,
108401345691237,JoyReels,Other,False,NO_SIGNAL_DROP,33,29,4,0,0,0,22,0.0,0.0,0.0,100.0,WATCH_MORE,
284543678078765,Worth  reading,Content/Entertainment,False,NO_SIGNAL_DROP,32,27,2,3,1,2,48,0.0,0.0,0.0,100.0,LEARN_MORE,
270290769508855,Novellair-The Reading Room,Content/Entertainment,False,NO_SIGNAL_DROP,32,28,0,4,2,2,47,0.0,0.0,0.0,100.0,LEARN_MORE,
306711812515860,Dramawave-vip,Other,False,NO_SIGNAL_DROP,32,32,0,0,0,0,44,0.0,0.0,0.0,100.0,WATCH_MORE,
207650012440288,NovellairLifestyle,Other,False,NO_SIGNAL_DROP,32,28,0,4,2,2,37,0.0,0.0,0.0,100.0,LEARN_MORE,
801051999755968,Top Novel Circle,Content/Entertainment,False,NO_SIGNAL_DROP,32,22,2,8,2,6,35,0.0,0.0,0.0,100.0,LEARN_MORE,
650806248107284,CafeDrama-JM1-25,Other,False,NO_SIGNAL_DROP,31,29,0,2,2,0,120,0.0,0.0,0.0,100.0,DOWNLOAD,
698639473332414,Fiction Obsession,Content/Entertainment,False,NO_SIGNAL_DROP,31,24,4,3,1,2,100,0.0,0.0,0.0,100.0,LEARN_MORE,
91089066763,Nextiva,Other,False,NO_SIGNAL_DROP,31,27,4,0,0,0,15,0.0,0.0,0.0,100.0,LEARN_MORE,
106673549393581,Anik Singal,Other,False,NO_SIGNAL_DROP,31,25,0,6,6,0,12,0.0,0.0,0.0,100.0,LEARN_MORE,
814611238404236,Explore Fictional Worlds-LQ08,Other,False,NO_SIGNAL_DROP,30,22,6,2,2,0,47,0.0,0.0,0.0,100.0,LEARN_MORE,
792946627233105,Literie: Where Stories Live-LQ38,Other,False,NO_SIGNAL_DROP,30,22,0,8,6,2,46,0.0,0.0,0.0,100.0,LEARN_MORE,
801059476419671,Literie-Romance-mx26,Content/Entertainment,False,NO_SIGNAL_DROP,30,21,0,9,3,6,38,0.0,0.0,0.0,100.0,LEARN_MORE,
105019517707189,Book Profits,Other,False,NO_SIGNAL_DROP,30,22,2,6,4,2,14,0.0,0.0,0.0,100.0,LEARN_MORE,
382002974991062,Minishorts-Shorts9,Other,False,NO_SIGNAL_DROP,29,29,0,0,0,0,114,0.0,0.0,0.0,100.0,WATCH_MORE,
934875116376851,Luwo-0112-12,Other,False,NO_SIGNAL_DROP,29,23,2,4,2,2,72,0.0,0.0,0.0,100.0,DOWNLOAD,
976254875565767,Luwo-0112-21,Other,False,NO_SIGNAL_DROP,29,23,2,4,2,2,62,0.0,0.0,0.0,100.0,DOWNLOAD,
744839225390600,Metronovel: Dream in Pages-LQ57,Other,False,NO_SIGNAL_DROP,29,23,4,2,2,0,55,0.0,0.0,0.0,100.0,LEARN_MORE,
115686104960034,FictionPulse,Other,False,NO_SIGNAL_DROP,29,23,4,2,2,0,51,0.0,0.0,0.0,100.0,LEARN_MORE,
814798825040771,Flick-CC,Other,False,NO_SIGNAL_DROP,29,23,2,4,2,2,17,0.0,0.0,0.0,100.0,WATCH_MORE,
395973190265986,Short Story Spotlight,Content/Entertainment,False,NO_SIGNAL_DROP,29,21,2,6,0,6,10,0.0,0.0,0.0,100.0,WATCH_MORE,
449046394958496,FlickReels 10,Other,False,NO_SIGNAL_DROP,29,23,2,4,2,2,9,0.0,0.0,0.0,100.0,WATCH_MORE,
48357502953,Maxwell Leadership,Other,False,NO_SIGNAL_DROP,29,21,2,6,0,6,6,0.0,0.0,0.0,100.0,LEARN_MORE,
369390869866652,Spectacular,Other,False,NO_SIGNAL_DROP,29,19,6,4,2,2,4,0.0,0.0,0.0,100.0,LEARN_MORE,
105728355710527,Qi Resonance,Other,False,NO_SIGNAL_DROP,29,13,4,12,10,2,2,0.0,0.0,0.0,100.0,LEARN_MORE,
820934247771341,Explore Fictional Worlds-LQ03,Other,False,NO_SIGNAL_DROP,28,22,2,4,2,2,47,0.0,0.0,0.0,100.0,LEARN_MORE,
890508264155016,Luwo-0112-11,Other,False,NO_SIGNAL_DROP,28,22,2,4,2,2,47,0.0,0.0,0.0,100.0,DOWNLOAD,
880430565160917,Whatever β3,Other,False,NO_SIGNAL_DROP,28,22,2,4,2,2,47,0.0,0.0,0.0,100.0,DOWNLOAD,
847870138405839,FictionHaven,Other,False,NO_SIGNAL_DROP,28,22,4,2,2,0,39,0.0,0.0,0.0,100.0,LEARN_MORE,
853777757808397,Romance Galaxy,Content/Entertainment,False,NO_SIGNAL_DROP,28,22,4,2,2,0,36,0.0,0.0,0.0,100.0,LEARN_MORE,
788187801051650,Explore Fictional Worlds-LQ30,Other,False,NO_SIGNAL_DROP,28,19,0,9,3,6,28,0.0,0.0,0.0,100.0,LEARN_MORE,
833913286464766,Romantic Reads Haven,Other,False,NO_SIGNAL_DROP,28,20,4,4,2,2,27,0.0,0.0,0.0,100.0,LEARN_MORE,
717297174806912,Literie-Suspense novel-mx,Content/Entertainment,False,NO_SIGNAL_DROP,28,19,0,9,3,6,26,0.0,0.0,0.0,100.0,LEARN_MORE,
847652255094524,Explore Fictional Worlds-LQ32,Other,False,NO_SIGNAL_DROP,28,19,0,9,3,6,26,0.0,0.0,0.0,100.0,LEARN_MORE,
380078049455217,Ecommerce Equation,Other,False,NO_SIGNAL_DROP,28,23,2,3,1,2,15,0.0,0.0,0.0,100.0,LEARN_MORE,
150872314778202,Minishorts-Movie13,Other,False,NO_SIGNAL_DROP,27,27,0,0,0,0,90,0.0,0.0,0.0,100.0,WATCH_MORE,
848326508360912,Queens Novels,Other,False,NO_SIGNAL_DROP,27,23,0,4,2,2,59,0.0,0.0,0.0,100.0,LEARN_MORE,
703683576172310,Metronovel: Dream in Pages-LQ52,Other,False,NO_SIGNAL_DROP,27,23,2,2,2,0,57,0.0,0.0,0.0,100.0,LEARN_MORE,
631024843428070,CafeDrama-JM1-17,Other,False,NO_SIGNAL_DROP,27,25,2,0,0,0,37,0.0,0.0,0.0,100.0,WATCH_MORE,
880246458510075,Whatever β2,Other,False,NO_SIGNAL_DROP,27,21,2,4,2,2,37,0.0,0.0,0.0,100.0,DOWNLOAD,
843174138890652,Luwo-0112-22,Other,False,NO_SIGNAL_DROP,27,21,2,4,2,2,34,0.0,0.0,0.0,100.0,DOWNLOAD,
440366759162096,FlickReels 3,Other,False,NO_SIGNAL_DROP,27,21,2,4,2,2,7,0.0,0.0,0.0,100.0,WATCH_MORE,
145361238856840,Nebraska Star Beef,Other,False,NO_SIGNAL_DROP,27,25,2,0,0,0,1,0.0,0.0,0.0,100.0,LEARN_MORE,
948500325011980,Love Reading-E,Content/Entertainment,False,NO_SIGNAL_DROP,26,24,0,2,2,0,92,0.0,0.0,0.0,100.0,LEARN_MORE,
149322631600247,Minishorts-Movie9,Other,False,NO_SIGNAL_DROP,26,26,0,0,0,0,90,0.0,0.0,0.0,100.0,WATCH_MORE,
814958238365264,Love Reading Novel,Content/Entertainment,False,NO_SIGNAL_DROP,26,24,0,2,2,0,56,0.0,0.0,0.0,100.0,LEARN_MORE,
746765405196120,Metronovel: Dream in Pages-LQ58,Other,False,NO_SIGNAL_DROP,26,22,2,2,2,0,50,0.0,0.0,0.0,100.0,LEARN_MORE,
755738827625349,Metronovel: Dream in Pages-LQ51,Other,False,NO_SIGNAL_DROP,26,22,2,2,2,0,40,0.0,0.0,0.0,100.0,LEARN_MORE,
798382820025407,Literie-A Symphony of Pages-ct,Other,False,NO_SIGNAL_DROP,26,22,2,2,2,0,40,0.0,0.0,0.0,100.0,LEARN_MORE,
746185418589280,Top Novel Club,Content/Entertainment,False,NO_SIGNAL_DROP,26,22,0,4,4,0,37,0.0,0.0,0.0,100.0,LEARN_MORE,
830221863499498,Metronovel-Wuxia-mx4,Content/Entertainment,False,NO_SIGNAL_DROP,26,20,2,4,4,0,29,0.0,0.0,0.0,100.0,LEARN_MORE,
1502193986666002,Nineveh Madsen,Other,False,NO_SIGNAL_DROP,26,26,0,0,0,0,19,0.0,0.0,0.0,100.0,LEARN_MORE,
725430997328297,Metronovel-Wuxia-mx3,Content/Entertainment,False,NO_SIGNAL_DROP,26,17,0,9,3,6,18,0.0,0.0,0.0,100.0,LEARN_MORE,
850412978154431,Explore Fictional Worlds-LQ20,Other,False,NO_SIGNAL_DROP,26,17,0,9,3,6,18,0.0,0.0,0.0,100.0,LEARN_MORE,
582624342230922,"Exothermic Technologies, LLC",Other,False,NO_SIGNAL_DROP,26,24,2,0,0,0,16,0.0,0.0,0.0,100.0,SHOP_NOW,
507595852446412,Reelstv,Other,False,NO_SIGNAL_DROP,26,24,2,0,0,0,16,0.0,0.0,0.0,100.0,WATCH_MORE,
122097234722016793,Love Story,Content/Entertainment,False,NO_SIGNAL_DROP,26,21,2,3,1,2,16,0.0,0.0,0.0,100.0,LEARN_MORE,
122094947192016633,Novels Lover,Other,False,NO_SIGNAL_DROP,26,20,2,4,2,2,10,0.0,0.0,0.0,100.0,LEARN_MORE,
101215926894,Fusion Fitness 24,Other,False,NO_SIGNAL_DROP,26,24,2,0,0,0,2,0.0,0.0,0.0,100.0,LEARN_MORE,
840206862504238,Romantasy Novel-4,Content/Entertainment,False,NO_SIGNAL_DROP,25,23,0,2,2,0,62,0.0,0.0,0.0,100.0,LEARN_MORE,
836501442880446,Romantic-Novel,Content/Entertainment,False,NO_SIGNAL_DROP,25,23,0,2,2,0,51,0.0,0.0,0.0,100.0,LEARN_MORE,
825030294021820,Romantic Novel Reading Room,Content/Entertainment,False,NO_SIGNAL_DROP,25,23,0,2,2,0,46,0.0,0.0,0.0,100.0,LEARN_MORE,
851863868000000,Literie: Where Stories Live-LQ39,Other,False,NO_SIGNAL_DROP,25,22,2,1,1,0,41,0.0,0.0,0.0,100.0,LEARN_MORE,
419320344600965,Minishorts-Shorts7,Other,False,NO_SIGNAL_DROP,25,23,0,2,0,2,37,0.0,0.0,0.0,100.0,WATCH_MORE,
753054121228170,Metronovel: Dream in Pages-LQ50,Other,False,NO_SIGNAL_DROP,25,21,4,0,0,0,37,0.0,0.0,0.0,100.0,LEARN_MORE,
840589669134869,Love Reading-D,Content/Entertainment,False,NO_SIGNAL_DROP,25,23,0,2,2,0,35,0.0,0.0,0.0,100.0,LEARN_MORE,
793889770480563,A Novel Idea-LQ03,Content/Entertainment,False,NO_SIGNAL_DROP,25,21,4,0,0,0,35,0.0,0.0,0.0,100.0,LEARN_MORE,
843517302169997,Novelbar-mx3-Historical,Other,False,NO_SIGNAL_DROP,25,21,2,2,2,0,32,0.0,0.0,0.0,100.0,LEARN_MORE,
646801461845472,Novellair-Read Best Romance,Content/Entertainment,False,NO_SIGNAL_DROP,25,23,0,2,2,0,29,0.0,0.0,0.0,100.0,LEARN_MORE,
830365430152418,The Lit Lighthouse-2,Other,False,NO_SIGNAL_DROP,25,19,2,4,4,0,24,0.0,0.0,0.0,100.0,LEARN_MORE,
833643389836532,Explore Fictional Worlds-LQ26,Other,False,NO_SIGNAL_DROP,25,19,2,4,4,0,23,0.0,0.0,0.0,100.0,LEARN_MORE,
930422446824921,Luwo-0112-13,Other,False,NO_SIGNAL_DROP,25,19,2,4,2,2,23,0.0,0.0,0.0,100.0,DOWNLOAD,
819915184527476,Metronovel-Wuxia-mx7,Content/Entertainment,False,NO_SIGNAL_DROP,25,16,0,9,3,6,13,0.0,0.0,0.0,100.0,LEARN_MORE,
902728032915663,Novel for everyone,Content/Entertainment,False,NO_SIGNAL_DROP,25,19,2,4,4,0,12,0.0,0.0,0.0,100.0,LEARN_MORE,
106140462574984,Fantasy Reading,Content/Entertainment,False,NO_SIGNAL_DROP,25,21,0,4,2,2,10,0.0,0.0,0.0,100.0,LEARN_MORE,
388943774313482,FlickReels 6,Other,False,NO_SIGNAL_DROP,25,23,0,2,2,0,9,0.0,0.0,0.0,100.0,WATCH_MORE,
111880488541693,Romance Novel,Content/Entertainment,False,NO_SIGNAL_DROP,25,21,2,2,2,0,7,0.0,0.0,0.0,100.0,LEARN_MORE,
542993942229526,FlickReels 14,Other,False,NO_SIGNAL_DROP,25,19,2,4,2,2,6,0.0,0.0,0.0,100.0,LEARN_MORE,
1461176864146337,ATA Photobooths,Other,False,NO_SIGNAL_DROP,25,13,2,10,6,4,2,0.0,0.0,0.0,100.0,LEARN_MORE,
831340836732901,BestReels-Movie02,Other,False,NO_SIGNAL_DROP,24,24,0,0,0,0,62,0.0,0.0,0.0,100.0,WATCH_MORE,
847027415164752,BestReels-Movie013,Other,False,NO_SIGNAL_DROP,24,24,0,0,0,0,56,0.0,0.0,0.0,100.0,WATCH_MORE,
759079097297273,Romantasy Novel-5,Content/Entertainment,False,NO_SIGNAL_DROP,24,22,0,2,2,0,51,0.0,0.0,0.0,100.0,LEARN_MORE,
820869444437654,Werewolf Novel,Content/Entertainment,False,NO_SIGNAL_DROP,24,24,0,0,0,0,47,0.0,0.0,0.0,100.0,LEARN_MORE,
897373630128835,Love Reading-F,Content/Entertainment,False,NO_SIGNAL_DROP,24,22,0,2,2,0,42,0.0,0.0,0.0,100.0,LEARN_MORE,
815605704967327,Epic Fantasy Novel,Content/Entertainment,False,NO_SIGNAL_DROP,24,22,0,2,2,0,35,0.0,0.0,0.0,100.0,LEARN_MORE,
837896189397602,Literie: Where Stories Live-LQ37,Other,False,NO_SIGNAL_DROP,24,20,2,2,2,0,29,0.0,0.0,0.0,100.0,LEARN_MORE,
750218378183349,Novelbar-mx14-Historical,Other,False,NO_SIGNAL_DROP,24,20,2,2,2,0,29,0.0,0.0,0.0,100.0,LEARN_MORE,
935176063021035,Luwo-0112-16,Other,False,NO_SIGNAL_DROP,24,18,2,4,2,2,21,0.0,0.0,0.0,100.0,DOWNLOAD,
117922881400615,RomantasyWhispers,Other,False,NO_SIGNAL_DROP,24,18,2,4,4,0,20,0.0,0.0,0.0,100.0,LEARN_MORE,
115734238288640,FictionFeast,Other,False,NO_SIGNAL_DROP,24,18,4,2,2,0,15,0.0,0.0,0.0,100.0,LEARN_MORE,
115305474998104,FictionVerse,Other,False,NO_SIGNAL_DROP,24,18,4,2,2,0,15,0.0,0.0,0.0,100.0,LEARN_MORE,
829509500244742,Explore Fictional Worlds-LQ18,Other,False,NO_SIGNAL_DROP,24,15,0,9,3,6,12,0.0,0.0,0.0,100.0,LEARN_MORE,
290021278106311,Local Business,Other,False,NO_SIGNAL_DROP,24,22,0,2,0,2,12,0.0,0.0,0.0,100.0,,
808559869001873,Novelbar-mx8-Historical,Other,False,NO_SIGNAL_DROP,24,15,0,9,3,6,11,0.0,0.0,0.0,100.0,LEARN_MORE,
468864172966290,Netshort HM2,Other,False,NO_SIGNAL_DROP,24,22,2,0,0,0,7,0.0,0.0,0.0,100.0,WATCH_MORE,
778050258734837,BestReels-Movie014,Other,False,NO_SIGNAL_DROP,23,23,0,0,0,0,72,0.0,0.0,0.0,100.0,WATCH_MORE,
763671586839959,BestReels-Movie04,Other,False,NO_SIGNAL_DROP,23,23,0,0,0,0,68,0.0,0.0,0.0,100.0,WATCH_MORE,
949741364882835,Nichols Alfredo Mills,Other,False,NO_SIGNAL_DROP,23,23,0,0,0,0,54,0.0,0.0,0.0,100.0,LEARN_MORE,
776717638863290,Literie: Where Stories Live-LQ32,Other,False,NO_SIGNAL_DROP,23,21,0,2,2,0,35,0.0,0.0,0.0,100.0,LEARN_MORE,
863844090141484,Explore Fictional Worlds-LQ09,Other,False,NO_SIGNAL_DROP,23,19,0,4,2,2,27,0.0,0.0,0.0,100.0,LEARN_MORE,
950548114799359,Explore Fictional Worlds-LQ28,Other,False,NO_SIGNAL_DROP,23,19,2,2,2,0,23,0.0,0.0,0.0,100.0,LEARN_MORE,
688538104350454,Literie-Obscuredpage-W,Other,False,NO_SIGNAL_DROP,23,21,0,2,2,0,23,0.0,0.0,0.0,100.0,LEARN_MORE,
790472730822445,Metronovel: Dream in Pages-LQ55,Other,False,NO_SIGNAL_DROP,23,19,4,0,0,0,23,0.0,0.0,0.0,100.0,LEARN_MORE,
773140172556414,Moonlit Romance Library,Content/Entertainment,False,NO_SIGNAL_DROP,23,19,0,4,2,2,22,0.0,0.0,0.0,100.0,LEARN_MORE,
786955454497542,Good novel,Content/Entertainment,False,NO_SIGNAL_DROP,23,21,0,2,2,0,22,0.0,0.0,0.0,100.0,LEARN_MORE,
913987995137387,The Reading Realm-A,Content/Entertainment,False,NO_SIGNAL_DROP,23,17,2,4,4,0,20,0.0,0.0,0.0,100.0,LEARN_MORE,
908156799053517,Luwo-0112-15,Other,False,NO_SIGNAL_DROP,23,17,2,4,2,2,15,0.0,0.0,0.0,100.0,DOWNLOAD,
735049229695546,Female novels,Other,False,NO_SIGNAL_DROP,23,18,2,3,1,2,11,0.0,0.0,0.0,100.0,LEARN_MORE,
817464474772898,Literie-Romance-mx19,Content/Entertainment,False,NO_SIGNAL_DROP,23,14,0,9,3,6,10,0.0,0.0,0.0,100.0,LEARN_MORE,
794783567050125,Novelbar-mx2-Historical,Other,False,NO_SIGNAL_DROP,23,14,0,9,3,6,10,0.0,0.0,0.0,100.0,LEARN_MORE,
451937154671670,DramaWave: Updated Mini Dramas,Other,False,NO_SIGNAL_DROP,23,23,0,0,0,0,9,0.0,0.0,0.0,100.0,DOWNLOAD,
762713666934764,Stardusttv-attractive dramas,Other,False,NO_SIGNAL_DROP,23,19,2,2,0,2,9,0.0,0.0,0.0,100.0,WATCH_MORE,
1636400949935007,Integrity Facility Solutions,Other,False,NO_SIGNAL_DROP,23,8,2,13,5,8,1,0.0,0.0,0.0,100.0,LEARN_MORE,
761022727087228,Read&LOVE,Other,False,NO_SIGNAL_DROP,22,20,0,2,2,0,15,0.0,0.0,0.0,100.0,LEARN_MORE,
116439051550362,RomantasyRealm,Other,False,NO_SIGNAL_DROP,22,16,4,2,2,0,14,0.0,0.0,0.0,100.0,LEARN_MORE,
800038036532971,Explore Fictional Worlds-LQ11,Other,False,NO_SIGNAL_DROP,22,13,0,9,3,6,10,0.0,0.0,0.0,100.0,LEARN_MORE,
754828011056956,Explore Fictional Worlds-LQ14,Other,False,NO_SIGNAL_DROP,22,13,0,9,3,6,9,0.0,0.0,0.0,100.0,LEARN_MORE,
854398694423133,ReelyGo3,Other,False,NO_SIGNAL_DROP,22,18,2,2,2,0,9,0.0,0.0,0.0,100.0,WATCH_MORE,
785503867979935,MetroNovel-Sultry-W,Other,False,NO_SIGNAL_DROP,22,12,4,6,4,2,5,0.0,0.0,0.0,100.0,LEARN_MORE,
115561387020873,The Junkster,Other,False,NO_SIGNAL_DROP,22,11,2,9,5,4,2,0.0,0.0,0.0,100.0,LEARN_MORE,
159391443508,TriCo Texas Tri-County Chamber,Other,False,NO_SIGNAL_DROP,22,13,2,7,3,4,2,0.0,0.0,0.0,100.0,LEARN_MORE,
858037024065572,American Trucker Advantage,Other,False,NO_SIGNAL_DROP,22,9,8,5,3,2,1,0.0,0.0,0.0,100.0,LEARN_MORE,
834000149792997,Literie: Where Stories Live-LQ33,Other,False,NO_SIGNAL_DROP,21,20,0,1,1,0,29,0.0,0.0,0.0,100.0,LEARN_MORE,
698660206666332,Fiction After Dark,Content/Entertainment,False,NO_SIGNAL_DROP,21,19,2,0,0,0,28,0.0,0.0,0.0,100.0,LEARN_MORE,
782006371672224,NightEcho 25,Other,False,NO_SIGNAL_DROP,21,18,0,3,1,2,21,0.0,0.0,0.0,100.0,LEARN_MORE,
736503702890204,Novelbar-mx1-Historical,Other,False,NO_SIGNAL_DROP,21,17,2,2,2,0,18,0.0,0.0,0.0,100.0,LEARN_MORE,
785358207988524,Metronovel-Wuxia-mx5,Content/Entertainment,False,NO_SIGNAL_DROP,21,17,0,4,2,2,17,0.0,0.0,0.0,100.0,LEARN_MORE,
813165685205880,Metronovel: Dream in Pages-LQ53,Other,False,NO_SIGNAL_DROP,21,17,2,2,2,0,17,0.0,0.0,0.0,100.0,LEARN_MORE,
800954463108474,Explore Fictional Worlds-LQ34,Other,False,NO_SIGNAL_DROP,21,17,0,4,2,2,17,0.0,0.0,0.0,100.0,LEARN_MORE,
698907963306109,Fiction of Desire,Content/Entertainment,False,NO_SIGNAL_DROP,21,17,0,4,0,4,16,0.0,0.0,0.0,100.0,LEARN_MORE,
778517415352891,Siren Stories Collective,Other,False,NO_SIGNAL_DROP,21,17,0,4,2,2,15,0.0,0.0,0.0,100.0,LEARN_MORE,
876533708870183,PulseFrame 25,Other,False,NO_SIGNAL_DROP,21,18,0,3,1,2,15,0.0,0.0,0.0,100.0,LEARN_MORE,
833066203223765,Explore Fictional Worlds-LQ24,Other,False,NO_SIGNAL_DROP,21,17,2,2,2,0,15,0.0,0.0,0.0,100.0,LEARN_MORE,
845787101947891,Explore Fictional Worlds-LQ06,Other,False,NO_SIGNAL_DROP,21,17,2,2,2,0,15,0.0,0.0,0.0,100.0,LEARN_MORE,
846525861870938,The Lit Lighthouse,Other,False,NO_SIGNAL_DROP,21,15,4,2,2,0,14,0.0,0.0,0.0,100.0,LEARN_MORE,
999465269906328,Luwo-0112-14,Other,False,NO_SIGNAL_DROP,21,15,2,4,2,2,14,0.0,0.0,0.0,100.0,DOWNLOAD,
880619271810257,Whatever β1,Other,False,NO_SIGNAL_DROP,21,15,2,4,2,2,13,0.0,0.0,0.0,100.0,DOWNLOAD,
905110466028080,Forbidden Reads Nation,Other,False,NO_SIGNAL_DROP,21,13,6,2,2,0,6,0.0,0.0,0.0,100.0,LEARN_MORE,
510234255516411,NS-PpZ-2,Other,False,NO_SIGNAL_DROP,21,19,0,2,2,0,6,0.0,0.0,0.0,100.0,WATCH_MORE,
557033297492293,Reliefly Lab,Other,False,NO_SIGNAL_DROP,21,15,4,2,2,0,3,0.0,0.0,0.0,100.0,SHOP_NOW,
107722887387213,Lance Bachmann,Other,False,NO_SIGNAL_DROP,21,13,4,4,4,0,1,0.0,0.0,0.0,100.0,LEARN_MORE,
869253726265906,93 Pale Street,Other,False,NO_SIGNAL_DROP,20,17,0,3,1,2,18,0.0,0.0,0.0,100.0,LEARN_MORE,
788457337692478,11 Sky Roads22,Other,False,NO_SIGNAL_DROP,20,17,0,3,1,2,18,0.0,0.0,0.0,100.0,LEARN_MORE,
859896407204758,LightMotion 56,Other,False,NO_SIGNAL_DROP,20,17,0,3,1,2,17,0.0,0.0,0.0,100.0,LEARN_MORE,
820812041123752,ColdLoop 25,Other,False,NO_SIGNAL_DROP,20,17,0,3,1,2,16,0.0,0.0,0.0,100.0,LEARN_MORE,
852904271235422,Batrli 22,Other,False,NO_SIGNAL_DROP,20,17,0,3,1,2,16,0.0,0.0,0.0,100.0,LEARN_MORE,
895083167011422,NovaMotion 25,Other,False,NO_SIGNAL_DROP,20,17,0,3,1,2,15,0.0,0.0,0.0,100.0,LEARN_MORE,
585600547964258,LeanScaper,Other,False,NO_SIGNAL_DROP,20,20,0,0,0,0,14,0.0,0.0,0.0,100.0,LEARN_MORE,
837968812731306,ShortFlix Stories,Other,False,NO_SIGNAL_DROP,20,16,2,2,0,2,6,0.0,0.0,0.0,100.0,WATCH_MORE,
748053651731894,Novelbar-mx12-Historical,Other,False,NO_SIGNAL_DROP,20,11,0,9,3,6,6,0.0,0.0,0.0,100.0,LEARN_MORE,
500066929860876,Dramawave Watch series,Content/Entertainment,False,NO_SIGNAL_DROP,20,20,0,0,0,0,5,0.0,0.0,0.0,100.0,WATCH_MORE,
640349952487193,NS-ppz-10,Other,False,NO_SIGNAL_DROP,20,18,0,2,2,0,4,0.0,0.0,0.0,100.0,WATCH_MORE,
220121374515313,MiniShorts,Other,False,NO_SIGNAL_DROP,20,18,0,2,2,0,4,0.0,0.0,0.0,100.0,WATCH_MORE,
715052608368449,AirFlow AI ,Other,False,NO_SIGNAL_DROP,20,8,6,6,6,0,3,0.0,0.0,0.0,100.0,LEARN_MORE,
110829335616663,David Dodge Chrysler Jeep RAM,Other,False,NO_SIGNAL_DROP,20,14,2,4,2,2,2,0.0,0.0,0.0,100.0,LEARN_MORE,
158797193979612,ClaimsHero,Other,False,NO_SIGNAL_DROP,20,11,2,7,7,0,1,0.0,0.0,0.0,100.0,LEARN_MORE,
839625259235520,Empty Light3434,Other,False,NO_SIGNAL_DROP,19,17,0,2,0,2,20,0.0,0.0,0.0,100.0,LEARN_MORE,
786532857884718,Hiokie 848451,Other,False,NO_SIGNAL_DROP,19,17,0,2,0,2,19,0.0,0.0,0.0,100.0,LEARN_MORE,
819170781282063,Near Silence 22,Other,False,NO_SIGNAL_DROP,19,17,0,2,0,2,18,0.0,0.0,0.0,100.0,LEARN_MORE,
853516604508921,44 Morning Hill 22,Other,False,NO_SIGNAL_DROP,19,16,0,3,1,2,14,0.0,0.0,0.0,100.0,LEARN_MORE,
749371161592483,NovelBar-MoonlitSigh-W,Other,False,NO_SIGNAL_DROP,19,17,0,2,2,0,13,0.0,0.0,0.0,100.0,LEARN_MORE,
917460974775968,DeepHorizon06,Other,False,NO_SIGNAL_DROP,19,15,0,4,0,4,13,0.0,0.0,0.0,100.0,LEARN_MORE,
882948688232792,MoonHaven05,Other,False,NO_SIGNAL_DROP,19,15,0,4,0,4,12,0.0,0.0,0.0,100.0,LEARN_MORE,
887233224468096,Half Line 22,Other,False,NO_SIGNAL_DROP,19,16,0,3,1,2,12,0.0,0.0,0.0,100.0,LEARN_MORE,
884203791435975,FrameGlow08,Other,False,NO_SIGNAL_DROP,19,15,0,4,0,4,11,0.0,0.0,0.0,100.0,LEARN_MORE,
119041027799775,Tell8734-Ebooks,Other,False,NO_SIGNAL_DROP,19,17,0,2,2,0,11,0.0,0.0,0.0,100.0,LEARN_MORE,
826111967257657,BlueCove05,Other,False,NO_SIGNAL_DROP,19,15,0,4,0,4,11,0.0,0.0,0.0,100.0,LEARN_MORE,
608009262402191,Attractive Drama Story,Content/Entertainment,False,NO_SIGNAL_DROP,19,15,0,4,2,2,6,0.0,0.0,0.0,100.0,LEARN_MORE,
544934275374168,Happy Short-Drama Urbano Original,Content/Entertainment,False,NO_SIGNAL_DROP,19,17,0,2,0,2,6,0.0,0.0,0.0,100.0,WATCH_MORE,
957770527420606,Novlr,Other,False,NO_SIGNAL_DROP,19,11,6,2,0,2,6,0.0,0.0,0.0,100.0,LEARN_MORE,
103658384937993,Franchise Investment System,Other,False,NO_SIGNAL_DROP,19,17,2,0,0,0,6,0.0,0.0,0.0,100.0,LEARN_MORE,
528628840337760,NS MD1,Other,False,NO_SIGNAL_DROP,19,17,0,2,2,0,5,0.0,0.0,0.0,100.0,WATCH_MORE,
389867860887898,Dramawave: Latest Dramas,Other,False,NO_SIGNAL_DROP,19,19,0,0,0,0,4,0.0,0.0,0.0,100.0,DOWNLOAD,
502436386282433,NetShort-ioss,Other,False,NO_SIGNAL_DROP,19,17,2,0,0,0,3,0.0,0.0,0.0,100.0,WATCH_MORE,
620989297757749,NsNs-FH2,Other,False,NO_SIGNAL_DROP,19,15,2,2,2,0,2,0.0,0.0,0.0,100.0,WATCH_MORE,
106465176456719,This Is Your Dream - Business and Life Success Coaching With Noor Hibbert,Other,False,NO_SIGNAL_DROP,19,13,4,2,0,2,1,0.0,0.0,0.0,100.0,LEARN_MORE,
101510869678521,Detail Dawgs,Other,False,NO_SIGNAL_DROP,19,8,4,7,3,4,1,0.0,0.0,0.0,100.0,GET_OFFER,
820012997865072,Explore Fictional Worlds-LQ16,Other,False,NO_SIGNAL_DROP,18,15,0,3,1,2,14,0.0,0.0,0.0,100.0,LEARN_MORE,
873248012534039,QuietMode 25,Other,False,NO_SIGNAL_DROP,18,15,0,3,1,2,12,0.0,0.0,0.0,100.0,LEARN_MORE,
816680321534542,QuietPath 25,Other,False,NO_SIGNAL_DROP,18,15,0,3,1,2,12,0.0,0.0,0.0,100.0,LEARN_MORE,
819077364626810,Cloud Gate25,Other,False,NO_SIGNAL_DROP,18,15,0,3,1,2,12,0.0,0.0,0.0,100.0,LEARN_MORE,
711937788677525,Neon Hive,Other,False,NO_SIGNAL_DROP,18,16,0,2,2,0,12,0.0,0.0,0.0,100.0,LEARN_MORE,
864393110085244,Thin Horizon 23,Other,False,NO_SIGNAL_DROP,18,15,0,3,1,2,12,0.0,0.0,0.0,100.0,LEARN_MORE,
896755353513460,MistTone 25,Other,False,NO_SIGNAL_DROP,18,15,0,3,1,2,11,0.0,0.0,0.0,100.0,LEARN_MORE,
691773364028599,Literie-interestingbooks,Other,False,NO_SIGNAL_DROP,18,14,0,4,2,2,10,0.0,0.0,0.0,100.0,LEARN_MORE,
720082247864059,Her Romance Novels,Content/Entertainment,False,NO_SIGNAL_DROP,18,14,0,4,2,2,8,0.0,0.0,0.0,100.0,LEARN_MORE,
822167097652561,Sarah Smolik,Other,False,NO_SIGNAL_DROP,18,16,0,2,2,0,8,0.0,0.0,0.0,100.0,LEARN_MORE,
968063046388909,Beautiful girls-C3,Other,False,NO_SIGNAL_DROP,18,12,2,4,2,2,7,0.0,0.0,0.0,100.0,DOWNLOAD,
957463417444251,Stardusttv super fun drama,Content/Entertainment,False,NO_SIGNAL_DROP,18,16,2,0,0,0,7,0.0,0.0,0.0,100.0,WATCH_MORE,
207880322403049,Novel Romance Fiction,Content/Entertainment,False,NO_SIGNAL_DROP,18,16,0,2,0,2,6,0.0,0.0,0.0,100.0,LEARN_MORE,
2047497128815624,Lance C. Greenberg,Other,False,NO_SIGNAL_DROP,18,14,2,2,2,0,5,0.0,0.0,0.0,100.0,LEARN_MORE,
768890899638019,Ns-Newtdd-002,Other,False,NO_SIGNAL_DROP,18,18,0,0,0,0,4,0.0,0.0,0.0,100.0,WATCH_MORE,
635626916309545,Master Lee,Other,False,NO_SIGNAL_DROP,18,18,0,0,0,0,4,0.0,0.0,0.0,100.0,LEARN_MORE,
790689854127320,Metronovel-Wuxia-mx1,Content/Entertainment,False,NO_SIGNAL_DROP,18,9,0,9,3,6,4,0.0,0.0,0.0,100.0,LEARN_MORE,
395447976985830,Famous & Art,Other,False,NO_SIGNAL_DROP,18,12,2,4,2,2,3,0.0,0.0,0.0,100.0,LEARN_MORE,
452073827996203,Dramawave: Trending Dramas,Other,False,NO_SIGNAL_DROP,18,18,0,0,0,0,3,0.0,0.0,0.0,100.0,WATCH_MORE,
671651216041646,Stardusttv-shorts,Content/Entertainment,False,NO_SIGNAL_DROP,18,16,2,0,0,0,3,0.0,0.0,0.0,100.0,WATCH_MORE,
112788258781745,Verizon Business,Other,False,NO_SIGNAL_DROP,18,18,0,0,0,0,3,0.0,0.0,0.0,100.0,SHOP_NOW,
210612032383983,Tipsy Artist,Other,False,NO_SIGNAL_DROP,18,14,0,4,0,4,1,0.0,0.0,0.0,100.0,LEARN_MORE,
798368740029843,35 Drift Studio,Professional Services,False,NO_SIGNAL_DROP,17,15,0,2,2,0,13,0.0,0.0,0.0,100.0,LEARN_MORE,
874863212372044,BrightPhase 25,Other,False,NO_SIGNAL_DROP,17,15,0,2,0,2,12,0.0,0.0,0.0,100.0,LEARN_MORE,
114457858238223,Sage Rex 203027,Other,False,NO_SIGNAL_DROP,17,15,0,2,2,0,11,0.0,0.0,0.0,100.0,LEARN_MORE,
846577515206259,Firewood 97,Other,False,NO_SIGNAL_DROP,17,15,0,2,2,0,11,0.0,0.0,0.0,100.0,LEARN_MORE,
820024311198775,PulseRise 25,Other,False,NO_SIGNAL_DROP,17,15,0,2,0,2,11,0.0,0.0,0.0,100.0,LEARN_MORE,
892236383965320,ClipVerse08,Other,False,NO_SIGNAL_DROP,17,13,0,4,0,4,9,0.0,0.0,0.0,100.0,LEARN_MORE,
944613315383452,Novel Station,Content/Entertainment,False,NO_SIGNAL_DROP,17,13,2,2,2,0,9,0.0,0.0,0.0,100.0,LEARN_MORE,
841550875711268,OceanValley05,Other,False,NO_SIGNAL_DROP,17,13,0,4,0,4,9,0.0,0.0,0.0,100.0,LEARN_MORE,
877613452094247,BrightValley05,Other,False,NO_SIGNAL_DROP,17,13,0,4,0,4,8,0.0,0.0,0.0,100.0,LEARN_MORE,
120830717619371,Tell3564-Novels,Other,False,NO_SIGNAL_DROP,17,15,0,2,2,0,8,0.0,0.0,0.0,100.0,LEARN_MORE,
876458148883558,SunnyEcho05,Other,False,NO_SIGNAL_DROP,17,13,0,4,0,4,8,0.0,0.0,0.0,100.0,LEARN_MORE,
911163928735504,BrightField05,Other,False,NO_SIGNAL_DROP,17,13,0,4,0,4,8,0.0,0.0,0.0,100.0,LEARN_MORE,
759193140608491,Literie-TenderAmbiguity-W,Other,False,NO_SIGNAL_DROP,17,15,0,2,2,0,8,0.0,0.0,0.0,100.0,LEARN_MORE,
886573494531415,OceanShore05,Other,False,NO_SIGNAL_DROP,17,13,0,4,0,4,8,0.0,0.0,0.0,100.0,LEARN_MORE,
782148341657912,TerraEcho06,Other,False,NO_SIGNAL_DROP,17,13,0,4,0,4,8,0.0,0.0,0.0,100.0,LEARN_MORE,
868685086325972,WildAura06,Other,False,NO_SIGNAL_DROP,17,13,0,4,0,4,8,0.0,0.0,0.0,100.0,LEARN_MORE,
736829139520260,The Unfinished Novel-ff-1,Content/Entertainment,False,NO_SIGNAL_DROP,17,13,2,2,2,0,7,0.0,0.0,0.0,100.0,LEARN_MORE,
699117276615178,Fiction Unbound,Content/Entertainment,False,NO_SIGNAL_DROP,17,11,4,2,2,0,6,0.0,0.0,0.0,100.0,LEARN_MORE,
968412749678611,Beautiful girls-C4,Other,False,NO_SIGNAL_DROP,17,11,2,4,2,2,6,0.0,0.0,0.0,100.0,DOWNLOAD,
905647605971692,Free Love Stories,Other,False,NO_SIGNAL_DROP,17,13,0,4,2,2,6,0.0,0.0,0.0,100.0,INSTALL_MOBILE_APP,
103237888271515,Iman Gadzhi,Other,False,NO_SIGNAL_DROP,17,17,0,0,0,0,4,0.0,0.0,0.0,100.0,LEARN_MORE,
833317983198017,Explore Fictional Worlds-LQ31,Other,False,NO_SIGNAL_DROP,17,9,2,6,4,2,4,0.0,0.0,0.0,100.0,LEARN_MORE,
228691820850598,Costco Deals,Other,False,NO_SIGNAL_DROP,17,14,2,1,1,0,1,0.0,0.0,0.0,100.0,SHOP_NOW,
103963422788681,Just Like A Pinup,Other,False,NO_SIGNAL_DROP,17,10,0,7,3,4,1,0.0,0.0,0.0,100.0,SHOP_NOW,
142124569483,Mr. Appliance,Other,False,NO_SIGNAL_DROP,17,12,0,5,3,2,1,0.0,0.0,0.0,100.0,DOWNLOAD,
389869850878135,OJay Media,Professional Services,False,NO_SIGNAL_DROP,17,5,4,8,4,4,1,0.0,0.0,0.0,100.0,LEARN_MORE,
809077012283011,NovelBar-Litify-ct,Other,False,NO_SIGNAL_DROP,16,16,0,0,0,0,14,0.0,0.0,0.0,100.0,LEARN_MORE,
1034154493104617,Every Scene Tells,Other,False,NO_SIGNAL_DROP,16,16,0,0,0,0,10,0.0,0.0,0.0,100.0,WATCH_MORE,
811357035398133,26 Hidden Frame,Other,False,NO_SIGNAL_DROP,16,13,0,3,1,2,10,0.0,0.0,0.0,100.0,LEARN_MORE,
757641657443810,FadePoint 25,Other,False,NO_SIGNAL_DROP,16,13,0,3,1,2,8,0.0,0.0,0.0,100.0,LEARN_MORE,
144701048731772,Minishorts-Movie7,Other,False,NO_SIGNAL_DROP,16,16,0,0,0,0,8,0.0,0.0,0.0,100.0,WATCH_MORE,
782354048305538,CloudThread 25,Other,False,NO_SIGNAL_DROP,16,13,0,3,1,2,8,0.0,0.0,0.0,100.0,LEARN_MORE,
865122576684237,VibeSeries08,Other,False,NO_SIGNAL_DROP,16,12,0,4,0,4,7,0.0,0.0,0.0,100.0,LEARN_MORE,
915947051592598,CloudRealm06,Other,False,NO_SIGNAL_DROP,16,12,0,4,0,4,7,0.0,0.0,0.0,100.0,LEARN_MORE,
814377068429952,Explore Fictional Worlds-LQ29,Other,False,NO_SIGNAL_DROP,16,12,0,4,2,2,7,0.0,0.0,0.0,100.0,LEARN_MORE,
885107998011867,StoryAura08,Other,False,NO_SIGNAL_DROP,16,12,0,4,0,4,7,0.0,0.0,0.0,100.0,LEARN_MORE,
786684257864437,Top Romantasy ,Other,False,NO_SIGNAL_DROP,16,12,0,4,4,0,7,0.0,0.0,0.0,100.0,LEARN_MORE,
897528110101428,PeaceGarden05,Other,False,NO_SIGNAL_DROP,16,12,0,4,0,4,7,0.0,0.0,0.0,100.0,LEARN_MORE,
900613039793341,ScreenVibe08,Other,False,NO_SIGNAL_DROP,16,12,0,4,0,4,7,0.0,0.0,0.0,100.0,LEARN_MORE,
584534151400039,Minishorts-Shorts8,Other,False,NO_SIGNAL_DROP,16,14,2,0,0,0,6,0.0,0.0,0.0,100.0,WATCH_MORE,
752364177969634,Stardusttv-Fine shorts,Content/Entertainment,False,NO_SIGNAL_DROP,16,14,2,0,0,0,5,0.0,0.0,0.0,100.0,WATCH_MORE,
572974409233694,Search 1st,Other,False,NO_SIGNAL_DROP,16,16,0,0,0,0,5,0.0,0.0,0.0,100.0,LEARN_MORE,
815305095004778,David T. Brown,Other,False,NO_SIGNAL_DROP,16,14,0,2,0,2,4,0.0,0.0,0.0,100.0,WATCH_MORE,
632760806579203,Shot short nj-001,Other,False,NO_SIGNAL_DROP,16,14,2,0,0,0,4,0.0,0.0,0.0,100.0,DOWNLOAD,
108867730766775,Social Snowball,Other,False,NO_SIGNAL_DROP,16,14,0,2,2,0,3,0.0,0.0,0.0,100.0,LEARN_MORE,
871811906007600,Explore Fictional Worlds-LQ02,Other,False,NO_SIGNAL_DROP,16,8,6,2,2,0,3,0.0,0.0,0.0,100.0,LEARN_MORE,
1145632992135282,Cato Networks,Other,False,NO_SIGNAL_DROP,16,14,0,2,2,0,3,0.0,0.0,0.0,100.0,LEARN_MORE,
11455644806,Snoop Dogg,Other,False,NO_SIGNAL_DROP,16,16,0,0,0,0,2,0.0,0.0,0.0,100.0,LEARN_MORE,
523846380819923,Anik Singal ,Other,False,NO_SIGNAL_DROP,16,13,2,1,1,0,2,0.0,0.0,0.0,100.0,LEARN_MORE,
774896869047632,Flick-DD,Other,False,NO_SIGNAL_DROP,16,10,4,2,2,0,2,0.0,0.0,0.0,100.0,LEARN_MORE,
519238251268485,Awesome Romantic Novel,Content/Entertainment,False,NO_SIGNAL_DROP,16,10,2,4,4,0,2,0.0,0.0,0.0,100.0,LEARN_MORE,
497678113418862,Dorothy Hawkins,Other,False,NO_SIGNAL_DROP,16,12,0,4,2,2,2,0.0,0.0,0.0,100.0,LEARN_MORE,
103348935230170,Jet Gang Watersports,Other,False,NO_SIGNAL_DROP,16,12,2,2,2,0,1,0.0,0.0,0.0,100.0,LEARN_MORE,
105665726128833,Phantom Billstickers,Other,False,NO_SIGNAL_DROP,16,13,0,3,1,2,1,0.0,0.0,0.0,100.0,NO_BUTTON,
149392855496249,Shayne Ford,Other,False,NO_SIGNAL_DROP,16,10,2,4,2,2,1,0.0,0.0,0.0,100.0,SHOP_NOW,
438352782686352,Romance Books,Content/Entertainment,False,NO_SIGNAL_DROP,16,10,2,4,2,2,1,0.0,0.0,0.0,100.0,LEARN_MORE,
883918898132127,DarkChord 25,Other,False,NO_SIGNAL_DROP,15,13,0,2,0,2,10,0.0,0.0,0.0,100.0,LEARN_MORE,
783454291523566,Northern Gate 99,Other,False,NO_SIGNAL_DROP,15,13,0,2,2,0,9,0.0,0.0,0.0,100.0,LEARN_MORE,
778183202052433,46 Silent Horizon,Other,False,NO_SIGNAL_DROP,15,13,0,2,2,0,9,0.0,0.0,0.0,100.0,LEARN_MORE,
849277464928040,GentleWhale 44,Other,False,NO_SIGNAL_DROP,15,13,0,2,2,0,9,0.0,0.0,0.0,100.0,LEARN_MORE,
842947058898319,Fire/88 Street,Other,False,NO_SIGNAL_DROP,15,13,0,2,2,0,9,0.0,0.0,0.0,100.0,LEARN_MORE,
744923782047832,Echo Harbor 62,Other,False,NO_SIGNAL_DROP,15,13,0,2,2,0,9,0.0,0.0,0.0,100.0,LEARN_MORE,
739525035920680,CloudBridge 85,Other,False,NO_SIGNAL_DROP,15,13,0,2,2,0,9,0.0,0.0,0.0,100.0,LEARN_MORE,
842458535616618,Pink88,Other,False,NO_SIGNAL_DROP,15,13,0,2,2,0,9,0.0,0.0,0.0,100.0,LEARN_MORE,
733119206561321,42 Silent Bloom,Other,False,NO_SIGNAL_DROP,15,13,0,2,2,0,9,0.0,0.0,0.0,100.0,LEARN_MORE,
841378605721386,EchoLab 33,Other,False,NO_SIGNAL_DROP,15,13,0,2,2,0,9,0.0,0.0,0.0,100.0,LEARN_MORE,
870088289513842,CalmSignal 25,Other,False,NO_SIGNAL_DROP,15,12,0,3,1,2,7,0.0,0.0,0.0,100.0,LEARN_MORE,
772803109248164,BestStone,Other,False,NO_SIGNAL_DROP,15,13,0,2,2,0,7,0.0,0.0,0.0,100.0,LEARN_MORE,
879412048585205,StoryGlow08,Other,False,NO_SIGNAL_DROP,15,11,0,4,0,4,6,0.0,0.0,0.0,100.0,LEARN_MORE,
758261350705797,Literie-Attraction-W,Other,False,NO_SIGNAL_DROP,15,13,0,2,2,0,6,0.0,0.0,0.0,100.0,LEARN_MORE,
105964702518393,EAu6699-eng,Other,False,NO_SIGNAL_DROP,15,13,0,2,2,0,6,0.0,0.0,0.0,100.0,LEARN_MORE,
829257150276493,SilentStream05,Other,False,NO_SIGNAL_DROP,15,11,0,4,0,4,6,0.0,0.0,0.0,100.0,LEARN_MORE,
789598857575730,OMG This Book,Other,False,NO_SIGNAL_DROP,15,11,2,2,2,0,5,0.0,0.0,0.0,100.0,LEARN_MORE,
492159233984831,Shot-short-C4,Other,False,NO_SIGNAL_DROP,15,15,0,0,0,0,4,0.0,0.0,0.0,100.0,WATCH_MORE,
948950798297025,MOW R3,Other,False,NO_SIGNAL_DROP,15,9,2,4,2,2,4,0.0,0.0,0.0,100.0,DOWNLOAD,
100854803109172,My Business Card,Other,False,NO_SIGNAL_DROP,15,15,0,0,0,0,4,0.0,0.0,0.0,100.0,SHOP_NOW,
847091468488366,FictionAddict,Other,False,NO_SIGNAL_DROP,15,9,4,2,2,0,3,0.0,0.0,0.0,100.0,LEARN_MORE,
116750511371220,East Coast Title & Escrow -New Smyrna Beach,Other,False,NO_SIGNAL_DROP,15,13,0,2,0,2,3,0.0,0.0,0.0,100.0,,
826673250533238,Stardusttv-gorgeous dramas,Other,False,NO_SIGNAL_DROP,15,13,2,0,0,0,3,0.0,0.0,0.0,100.0,WATCH_MORE,
479574041901310,Shot-Short-9,Other,False,NO_SIGNAL_DROP,15,15,0,0,0,0,3,0.0,0.0,0.0,100.0,WATCH_MORE,
210265715513546,Sunny movies,Other,False,NO_SIGNAL_DROP,15,15,0,0,0,0,2,0.0,0.0,0.0,100.0,WATCH_MORE,
111126294920668,Stacy Win & Ryan,Other,False,NO_SIGNAL_DROP,15,14,0,1,1,0,2,0.0,0.0,0.0,100.0,LEARN_MORE,
288473261199516,Tim Heidecker,Other,False,NO_SIGNAL_DROP,15,15,0,0,0,0,2,0.0,0.0,0.0,100.0,BUY_TICKETS,
487562104441820,Passion Pages,Other,False,NO_SIGNAL_DROP,15,12,2,1,1,0,2,0.0,0.0,0.0,100.0,LEARN_MORE,
363911910403928,Meaghan Alton - Alchemical Numerologist,Other,False,NO_SIGNAL_DROP,15,11,0,4,2,2,2,0.0,0.0,0.0,100.0,DOWNLOAD,
361383677286558,On The Fuze,Other,False,NO_SIGNAL_DROP,15,12,0,3,1,2,2,0.0,0.0,0.0,100.0,LEARN_MORE,
201543173308917,InStyle Boutique,Other,False,NO_SIGNAL_DROP,15,14,0,1,1,0,1,0.0,0.0,0.0,100.0,SHOP_NOW,
811095755416835,Global Art USA Franchise,Other,False,NO_SIGNAL_DROP,15,6,4,5,3,2,1,0.0,0.0,0.0,100.0,LEARN_MORE,
829859066881494,BestReels-Movie011,Other,False,NO_SIGNAL_DROP,14,14,0,0,0,0,8,0.0,0.0,0.0,100.0,WATCH_MORE,
803346919534939,WildMint Lab44,Other,False,NO_SIGNAL_DROP,14,12,0,2,2,0,7,0.0,0.0,0.0,100.0,LEARN_MORE,
798315026704118,The Sky District44,Other,False,NO_SIGNAL_DROP,14,12,0,2,2,0,7,0.0,0.0,0.0,100.0,LEARN_MORE,
820693754459283,RiverSide 85,Other,False,NO_SIGNAL_DROP,14,12,0,2,2,0,7,0.0,0.0,0.0,100.0,LEARN_MORE,
808948822310524,Near Water,Other,False,NO_SIGNAL_DROP,14,11,0,3,1,2,6,0.0,0.0,0.0,100.0,LEARN_MORE,
844529728745277,Grey Hollow 23,Other,False,NO_SIGNAL_DROP,14,11,0,3,1,2,6,0.0,0.0,0.0,100.0,LEARN_MORE,
903269609526873,MotionCast 25,Other,False,NO_SIGNAL_DROP,14,11,0,3,1,2,6,0.0,0.0,0.0,100.0,LEARN_MORE,
785369977995355,MiniShorts Drama W-10,Content/Entertainment,False,NO_SIGNAL_DROP,14,14,0,0,0,0,5,0.0,0.0,0.0,100.0,LEARN_MORE,
118698318003749,Aural Romance Adventures,Content/Entertainment,False,NO_SIGNAL_DROP,14,12,0,2,2,0,5,0.0,0.0,0.0,100.0,LEARN_MORE,
108085382219059,Serenading Hearts,Other,False,NO_SIGNAL_DROP,14,12,0,2,2,0,5,0.0,0.0,0.0,100.0,LEARN_MORE,
830255510162243,Romantasy Novel-1,Content/Entertainment,False,NO_SIGNAL_DROP,14,10,0,4,4,0,4,0.0,0.0,0.0,100.0,LEARN_MORE,
860225070517531,Cassian Lark Moreau,Other,False,NO_SIGNAL_DROP,14,8,4,2,0,2,3,0.0,0.0,0.0,100.0,LEARN_MORE,
881042478432215,QWR Q1,Other,False,NO_SIGNAL_DROP,14,8,2,4,2,2,3,0.0,0.0,0.0,100.0,DOWNLOAD,
1943736175869098,Leland Baptist,Other,False,NO_SIGNAL_DROP,14,13,0,1,1,0,2,0.0,0.0,0.0,100.0,LEARN_MORE,
2183380861890306,The First The Last,Other,False,NO_SIGNAL_DROP,14,12,0,2,0,2,2,0.0,0.0,0.0,100.0,VIEW_INSTAGRAM_PROFILE,
230855086962361,Virginia Creative Group,Other,False,NO_SIGNAL_DROP,14,13,0,1,1,0,2,0.0,0.0,0.0,100.0,LEARN_MORE,
803973119474942,ReelyGo2,Other,False,NO_SIGNAL_DROP,14,10,0,4,2,2,2,0.0,0.0,0.0,100.0,WATCH_MORE,
774479869087938,EStoooory,Other,False,NO_SIGNAL_DROP,14,12,2,0,0,0,2,0.0,0.0,0.0,100.0,INSTALL_MOBILE_APP,
578021388737500,Minishorts-ZS-1,Other,False,NO_SIGNAL_DROP,14,10,2,2,0,2,2,0.0,0.0,0.0,100.0,WATCH_MORE,
531870200007089,Dramawave：Appealing Dramas,Other,False,NO_SIGNAL_DROP,14,14,0,0,0,0,1,0.0,0.0,0.0,100.0,WATCH_MORE,
726303417237188,Passion Novels - Spicy BookTok,Other,False,NO_SIGNAL_DROP,14,9,2,3,1,2,1,0.0,0.0,0.0,100.0,LEARN_MORE,
527507080600217,Memes,Other,False,NO_SIGNAL_DROP,14,14,0,0,0,0,1,0.0,0.0,0.0,100.0,LEARN_MORE,
106485550030,The Home Depot,Furniture & Retail,False,NO_SIGNAL_DROP,14,14,0,0,0,0,1,0.0,0.0,0.0,100.0,SHOP_NOW,
648336338371338,Never Bored in Orlando,Other,False,NO_SIGNAL_DROP,14,8,0,6,4,2,1,0.0,0.0,0.0,100.0,LEARN_MORE,
75722119063,Salt City Steel,Other,False,NO_SIGNAL_DROP,14,12,2,0,0,0,1,0.0,0.0,0.0,100.0,LEARN_MORE,
586255381232002,Stardust TV - HOT-hot Dramas,Other,False,NO_SIGNAL_DROP,14,12,2,0,0,0,1,0.0,0.0,0.0,100.0,WATCH_MORE,
100330228902629,Exclusive Window Tinting NYC,Other,False,NO_SIGNAL_DROP,14,14,0,0,0,0,1,0.0,0.0,0.0,100.0,LEARN_MORE,
490410300821314,Ns-M31,Other,False,NO_SIGNAL_DROP,14,12,2,0,0,0,1,0.0,0.0,0.0,100.0,WATCH_MORE,
125821617281555,DramaBox- drama movies4,Content/Entertainment,False,NO_SIGNAL_DROP,14,14,0,0,0,0,1,0.0,0.0,0.0,100.0,WATCH_MORE,
206669899404009,Earth Rated,Other,False,NO_SIGNAL_DROP,14,14,0,0,0,0,1,0.0,0.0,0.0,100.0,SHOP_NOW,
347877928399557,Zeely,Other,False,NO_SIGNAL_DROP,14,12,2,0,0,0,1,0.0,0.0,0.0,100.0,LEARN_MORE,
111077021067438,10 Minute English,Other,False,NO_SIGNAL_DROP,14,14,0,0,0,0,1,0.0,0.0,0.0,100.0,LEARN_MORE,
381727498962869,Lost Dutchman Leather Goods,Other,False,NO_SIGNAL_DROP,14,14,0,0,0,0,1,0.0,0.0,0.0,100.0,SHOP_NOW,
855581137636574,Dramawave: ShortMax,Other,False,NO_SIGNAL_DROP,14,14,0,0,0,0,1,0.0,0.0,0.0,100.0,WATCH_MORE,
896100006926775,Dreamy Pages13-ct,Other,False,NO_SIGNAL_DROP,13,13,0,0,0,0,10,0.0,0.0,0.0,100.0,LEARN_MORE,
881223755079743,Artisan Books-ct,Other,False,NO_SIGNAL_DROP,13,13,0,0,0,0,8,0.0,0.0,0.0,100.0,LEARN_MORE,
868731789647236,LightMile 22,Other,False,NO_SIGNAL_DROP,13,11,0,2,2,0,6,0.0,0.0,0.0,100.0,LEARN_MORE,
811205835411983,61 Pineview Gate,Other,False,NO_SIGNAL_DROP,13,11,0,2,2,0,5,0.0,0.0,0.0,100.0,LEARN_MORE,
738326919369712,Alpine Circuit,Other,False,NO_SIGNAL_DROP,13,11,0,2,2,0,5,0.0,0.0,0.0,100.0,LEARN_MORE,
903048672886178,DramaShift08,Other,False,NO_SIGNAL_DROP,13,9,0,4,0,4,4,0.0,0.0,0.0,100.0,LEARN_MORE,
879114688615473,GoldenMeadow05,Other,False,NO_SIGNAL_DROP,13,9,0,4,0,4,4,0.0,0.0,0.0,100.0,LEARN_MORE,
640894219117490,MetroNovel-Romance Novel,Content/Entertainment,False,NO_SIGNAL_DROP,13,11,0,2,2,0,4,0.0,0.0,0.0,100.0,LEARN_MORE,
941135435739029,UrbanDrama08,Other,False,NO_SIGNAL_DROP,13,9,0,4,0,4,4,0.0,0.0,0.0,100.0,LEARN_MORE,
102423399349394,Fic2411-Books,Other,False,NO_SIGNAL_DROP,13,11,0,2,2,0,4,0.0,0.0,0.0,100.0,LEARN_MORE,
353347401190873,Altru Partners,Other,False,NO_SIGNAL_DROP,13,11,0,2,0,2,3,0.0,0.0,0.0,100.0,LEARN_MORE,
757633530772121,OMG This Novel,Content/Entertainment,False,NO_SIGNAL_DROP,13,9,2,2,2,0,3,0.0,0.0,0.0,100.0,LEARN_MORE,
893544490506812,Stardusttv-addictive shorts2,Other,False,NO_SIGNAL_DROP,13,12,0,1,1,0,3,0.0,0.0,0.0,100.0,WATCH_MORE,
127133697313237,Quail Creek Bank,Other,False,NO_SIGNAL_DROP,13,13,0,0,0,0,2,0.0,0.0,0.0,100.0,LEARN_MORE,
196691336853360,Poweredbymrp,Other,False,NO_SIGNAL_DROP,13,11,2,0,0,0,2,0.0,0.0,0.0,100.0,DOWNLOAD,
198308396942060,Goodshuffle,Other,False,NO_SIGNAL_DROP,13,13,0,0,0,0,2,0.0,0.0,0.0,100.0,LEARN_MORE,
100730202642289,Stan - Monetize Your Content,Other,False,NO_SIGNAL_DROP,13,13,0,0,0,0,2,0.0,0.0,0.0,100.0,LEARN_MORE,
109903158607345,Augment.org,Other,False,NO_SIGNAL_DROP,13,13,0,0,0,0,2,0.0,0.0,0.0,100.0,LEARN_MORE,
889597060906290,Goat House Market,Other,False,NO_SIGNAL_DROP,13,11,2,0,0,0,2,0.0,0.0,0.0,100.0,SHOP_NOW,
854648914405040,Kujiang-fb,Other,False,NO_SIGNAL_DROP,13,10,2,1,1,0,2,0.0,0.0,0.0,100.0,WATCH_MORE,
104108865266395,8fig,Other,False,NO_SIGNAL_DROP,13,13,0,0,0,0,2,0.0,0.0,0.0,100.0,LEARN_MORE,
604026472793468,NS-ppz-17,Other,False,NO_SIGNAL_DROP,13,13,0,0,0,0,1,0.0,0.0,0.0,100.0,WATCH_MORE,
258725787319948,Best Short Dramas,Other,False,NO_SIGNAL_DROP,13,13,0,0,0,0,1,0.0,0.0,0.0,100.0,WATCH_MORE,
109891875749230,Anthony Young - Appraiser / Market Analyst,Other,False,NO_SIGNAL_DROP,13,11,0,2,2,0,1,0.0,0.0,0.0,100.0,LEARN_MORE,
390990924101733,Novel Muse,Content/Entertainment,False,NO_SIGNAL_DROP,13,10,2,1,1,0,1,0.0,0.0,0.0,100.0,LEARN_MORE,
111143903698354,Microloc Mastery,Other,False,NO_SIGNAL_DROP,13,11,0,2,0,2,1,0.0,0.0,0.0,100.0,VIEW_INSTAGRAM_PROFILE,
777301442132717,Gao GoGo,Other,False,NO_SIGNAL_DROP,12,10,0,2,2,0,5,0.0,0.0,0.0,100.0,LEARN_MORE,
760011323870242,Horizon-11 Zone,Other,False,NO_SIGNAL_DROP,12,10,0,2,2,0,5,0.0,0.0,0.0,100.0,LEARN_MORE,
733260953197129,JoyReels Tv-2-46,Other,False,NO_SIGNAL_DROP,12,12,0,0,0,0,4,0.0,0.0,0.0,100.0,WATCH_MORE,
746657575204258,QuantuK,Other,False,NO_SIGNAL_DROP,12,10,0,2,2,0,4,0.0,0.0,0.0,100.0,LEARN_MORE,
982943001565040,Drama Shorts Studio,Professional Services,False,NO_SIGNAL_DROP,12,12,0,0,0,0,4,0.0,0.0,0.0,100.0,WATCH_MORE,
862078533654396,FilmEcho08,Other,False,NO_SIGNAL_DROP,12,8,0,4,0,4,3,0.0,0.0,0.0,100.0,LEARN_MORE,
863427596855444,Stardusttv-captivating shorts,Content/Entertainment,False,NO_SIGNAL_DROP,12,12,0,0,0,0,3,0.0,0.0,0.0,100.0,WATCH_MORE,
866677986524822,NatureSync06,Other,False,NO_SIGNAL_DROP,12,8,0,4,0,4,3,0.0,0.0,0.0,100.0,LEARN_MORE,
852798501249102,StoryMotion08,Other,False,NO_SIGNAL_DROP,12,8,0,4,0,4,3,0.0,0.0,0.0,100.0,LEARN_MORE,
853262964543426,Romantasy Novel-11,Content/Entertainment,False,NO_SIGNAL_DROP,12,8,0,4,0,4,3,0.0,0.0,0.0,100.0,LEARN_MORE,
113746225028926,Aural Amorous Journey,Other,False,NO_SIGNAL_DROP,12,10,0,2,2,0,3,0.0,0.0,0.0,100.0,LEARN_MORE,
830353130167509,SceneBeat08,Other,False,NO_SIGNAL_DROP,12,8,0,4,0,4,3,0.0,0.0,0.0,100.0,LEARN_MORE,
766021139927416,Metronovel-Fantasy-M5,Other,False,NO_SIGNAL_DROP,12,10,0,2,2,0,3,0.0,0.0,0.0,100.0,LEARN_MORE,
920664957777284,StoryStream08,Other,False,NO_SIGNAL_DROP,12,8,0,4,0,4,3,0.0,0.0,0.0,100.0,LEARN_MORE,
113979913652362,Entire New Journey,Other,False,NO_SIGNAL_DROP,12,11,0,1,1,0,2,0.0,0.0,0.0,100.0,LEARN_MORE,
1612733532113961,Maverrik,Other,False,NO_SIGNAL_DROP,12,12,0,0,0,0,2,0.0,0.0,0.0,100.0,LEARN_MORE,
109867301603849,Conrad Peck,Other,False,NO_SIGNAL_DROP,12,10,0,2,0,2,2,0.0,0.0,0.0,100.0,DOWNLOAD,
105463845940424,Coco & Rho,Other,False,NO_SIGNAL_DROP,12,12,0,0,0,0,2,0.0,0.0,0.0,100.0,SHOP_NOW,
107426972463666,Karrie Craft,Other,False,NO_SIGNAL_DROP,12,12,0,0,0,0,2,0.0,0.0,0.0,100.0,SHOP_NOW,
515687698286818,Shot-Shorts-13,Content/Entertainment,False,NO_SIGNAL_DROP,12,12,0,0,0,0,2,0.0,0.0,0.0,100.0,WATCH_MORE,
750170618182230,Passion Novels - Jealous ML,Other,False,NO_SIGNAL_DROP,12,9,2,1,1,0,1,0.0,0.0,0.0,100.0,LEARN_MORE,
655132371013912,Price Relief Project,Other,False,NO_SIGNAL_DROP,12,12,0,0,0,0,1,0.0,0.0,0.0,100.0,LEARN_MORE,
1644699695561021,Rollo,Other,False,NO_SIGNAL_DROP,12,12,0,0,0,0,1,0.0,0.0,0.0,100.0,SHOP_NOW,
451937865346,Tranzon,Other,False,NO_SIGNAL_DROP,12,12,0,0,0,0,1,0.0,0.0,0.0,100.0,LEARN_MORE,
935806752951508,Alzawraq Dubai ,Other,False,NO_SIGNAL_DROP,12,8,2,2,2,0,1,0.0,0.0,0.0,100.0,VIEW_INSTAGRAM_PROFILE,
268870236484011,Better Business Bureau Serving West Florida,Other,False,NO_SIGNAL_DROP,12,11,0,1,1,0,1,0.0,0.0,0.0,100.0,,
854543704408388,Stardusttv- Boom shorts,Content/Entertainment,False,NO_SIGNAL_DROP,12,10,2,0,0,0,1,0.0,0.0,0.0,100.0,WATCH_MORE,
888898590967366,Qualified Profits,Other,False,NO_SIGNAL_DROP,11,11,0,0,0,0,6,0.0,0.0,0.0,100.0,LEARN_MORE,
112047728515018,Victoria Quinn10098,Other,False,NO_SIGNAL_DROP,11,9,0,2,2,0,4,0.0,0.0,0.0,100.0,LEARN_MORE,
795067397027122,West 14 Block,Other,False,NO_SIGNAL_DROP,11,9,0,2,2,0,4,0.0,0.0,0.0,100.0,LEARN_MORE,
844514912072760,88 Twilight Zone,Other,False,NO_SIGNAL_DROP,11,9,0,2,2,0,4,0.0,0.0,0.0,100.0,LEARN_MORE,
796469066878373,Ceramic Pulse,Other,False,NO_SIGNAL_DROP,11,9,0,2,2,0,4,0.0,0.0,0.0,100.0,LEARN_MORE,
807656242430752,29 North Bay,Other,False,NO_SIGNAL_DROP,11,9,0,2,2,0,4,0.0,0.0,0.0,100.0,LEARN_MORE,
817665291430761,93 Sun Tower,Other,False,NO_SIGNAL_DROP,11,9,0,2,2,0,4,0.0,0.0,0.0,100.0,LEARN_MORE,
630289473510284,En Austins,Other,False,NO_SIGNAL_DROP,11,11,0,0,0,0,3,0.0,0.0,0.0,100.0,LEARN_MORE,
731959266675494,Desert Byte,Other,False,NO_SIGNAL_DROP,11,9,0,2,2,0,3,0.0,0.0,0.0,100.0,LEARN_MORE,
717701764757046,JoyReels Tv-2-17,Other,False,NO_SIGNAL_DROP,11,11,0,0,0,0,3,0.0,0.0,0.0,100.0,WATCH_MORE,
904598172728578,Stardusttv-Excellent shorts,Content/Entertainment,False,NO_SIGNAL_DROP,11,11,0,0,0,0,3,0.0,0.0,0.0,100.0,WATCH_MORE,
837627816101984,Between Pages and Stars,Other,False,NO_SIGNAL_DROP,11,7,2,2,2,0,2,0.0,0.0,0.0,100.0,LEARN_MORE,
869494436241487,Stardusttv-Niu drama,Content/Entertainment,False,NO_SIGNAL_DROP,11,11,0,0,0,0,2,0.0,0.0,0.0,100.0,WATCH_MORE,
102982018088783,NAMI Albuquerque,Other,False,NO_SIGNAL_DROP,11,11,0,0,0,0,2,0.0,0.0,0.0,100.0,NO_BUTTON,
902727742930023,Online dating-B2,Other,False,NO_SIGNAL_DROP,11,5,2,4,2,2,1,0.0,0.0,0.0,100.0,DOWNLOAD,
883246238202298,Ns-tinxi-1,Other,False,NO_SIGNAL_DROP,11,10,0,1,1,0,1,0.0,0.0,0.0,100.0,WATCH_MORE,
720552694469316,Visionary Solutions Group,Other,False,NO_SIGNAL_DROP,11,4,2,5,1,4,1,0.0,0.0,0.0,100.0,LEARN_MORE,
106919474383134,ScoreApp,Other,False,NO_SIGNAL_DROP,11,11,0,0,0,0,1,0.0,0.0,0.0,100.0,WATCH_MORE,
218982098822597,Matthew Strom,Other,False,NO_SIGNAL_DROP,11,9,2,0,0,0,1,0.0,0.0,0.0,100.0,LEARN_MORE,
205710522620667,Tim Dominick,Other,False,NO_SIGNAL_DROP,11,11,0,0,0,0,1,0.0,0.0,0.0,100.0,,
413249598544587,We Rock The Spectrum - Lakewood,Other,False,NO_SIGNAL_DROP,11,9,0,2,0,2,1,0.0,0.0,0.0,100.0,LIKE_PAGE,
108591551076953,Banch Marketing Digital Agency,Professional Services,False,NO_SIGNAL_DROP,11,10,0,1,1,0,1,0.0,0.0,0.0,100.0,LEARN_MORE,
479520535468270,"Camp Bow Wow Henderson, NV",Other,False,NO_SIGNAL_DROP,11,11,0,0,0,0,1,0.0,0.0,0.0,100.0,LEARN_MORE,
862379586958074,ReelyGo-11,Other,False,NO_SIGNAL_DROP,11,8,0,3,1,2,1,0.0,0.0,0.0,100.0,WATCH_MORE,
851454884728682,YgJ 0105 4,Other,False,NO_SIGNAL_DROP,11,5,2,4,2,2,1,0.0,0.0,0.0,100.0,DOWNLOAD,
872368209304010,Capital Performance Solution,Other,False,NO_SIGNAL_DROP,10,10,0,0,0,0,5,0.0,0.0,0.0,100.0,VIEW_INSTAGRAM_PROFILE,
862665476919467,Urban38,Other,False,NO_SIGNAL_DROP,10,8,0,2,2,0,3,0.0,0.0,0.0,100.0,LEARN_MORE,
383385684861298,Bruno Genovese Christian Business Mentor,Other,False,NO_SIGNAL_DROP,10,10,0,0,0,0,3,0.0,0.0,0.0,100.0,,
605379509329715,CafeDrama-JM1-9,Other,False,NO_SIGNAL_DROP,10,10,0,0,0,0,3,0.0,0.0,0.0,100.0,WATCH_MORE,
797695943429738,CrystalDock 39,Other,False,NO_SIGNAL_DROP,10,8,0,2,2,0,3,0.0,0.0,0.0,100.0,LEARN_MORE,
800115796525119,Distant Rain 22,Other,False,NO_SIGNAL_DROP,10,8,0,2,0,2,3,0.0,0.0,0.0,100.0,LEARN_MORE,
764798080060579,Violet - 17,Other,False,NO_SIGNAL_DROP,10,8,0,2,2,0,3,0.0,0.0,0.0,100.0,LEARN_MORE,
925442497325856,Stardusttv bravo drama,Content/Entertainment,False,NO_SIGNAL_DROP,10,10,0,0,0,0,3,0.0,0.0,0.0,100.0,WATCH_MORE,
899355999922161,Dreamy-LoveSparks-jl20,Other,False,NO_SIGNAL_DROP,10,8,0,2,2,0,3,0.0,0.0,0.0,100.0,LEARN_MORE,
120650297804807,Online library of good books,Other,False,NO_SIGNAL_DROP,10,6,2,2,2,0,2,0.0,0.0,0.0,100.0,LEARN_MORE,
899590556562870,LunarFlow06,Other,False,NO_SIGNAL_DROP,10,6,0,4,0,4,2,0.0,0.0,0.0,100.0,LEARN_MORE,
100569929632979,Money Stream,Content/Entertainment,False,NO_SIGNAL_DROP,10,10,0,0,0,0,2,0.0,0.0,0.0,100.0,LEARN_MORE,
865416713320028,DreamShot08,Other,False,NO_SIGNAL_DROP,10,6,0,4,0,4,2,0.0,0.0,0.0,100.0,LEARN_MORE,
888008637728610,ChillVision09,Other,False,NO_SIGNAL_DROP,10,6,0,4,0,4,2,0.0,0.0,0.0,100.0,LEARN_MORE,
894280030428452,ReelVerse08,Other,False,NO_SIGNAL_DROP,10,6,0,4,0,4,2,0.0,0.0,0.0,100.0,LEARN_MORE,
895134697009927,WaveSpirit06,Other,False,NO_SIGNAL_DROP,10,6,0,4,0,4,2,0.0,0.0,0.0,100.0,LEARN_MORE,
969244659599598,My Drama - Best Ever Dramas,Content/Entertainment,False,NO_SIGNAL_DROP,10,10,0,0,0,0,2,0.0,0.0,0.0,100.0,WATCH_MORE,
103880159089517,Home Grown Business,Fashion & Apparel,False,NO_SIGNAL_DROP,10,10,0,0,0,0,2,0.0,0.0,0.0,100.0,VIEW_INSTAGRAM_PROFILE,
899301723274803,Short Fiction Scenes,Content/Entertainment,False,NO_SIGNAL_DROP,10,9,0,1,1,0,2,0.0,0.0,0.0,100.0,WATCH_MORE,
611691718700980,Minishorts-US11,Other,False,NO_SIGNAL_DROP,10,8,2,0,0,0,2,0.0,0.0,0.0,100.0,WATCH_MORE,
529002523623296,Dramawave:Step into a world of drama,Content/Entertainment,False,NO_SIGNAL_DROP,10,10,0,0,0,0,2,0.0,0.0,0.0,100.0,WATCH_MORE,
905951522606941,Online dating-B1,Other,False,NO_SIGNAL_DROP,10,4,2,4,2,2,1,0.0,0.0,0.0,100.0,DOWNLOAD,
106577719375828,"Frase Protection, Inc.",Other,False,NO_SIGNAL_DROP,10,10,0,0,0,0,1,0.0,0.0,0.0,100.0,LEARN_MORE,
899283163271076,Online dating-B5,Other,False,NO_SIGNAL_DROP,10,4,2,4,2,2,1,0.0,0.0,0.0,100.0,DOWNLOAD,
1088130974708087,Lean Scaling Co,Other,False,NO_SIGNAL_DROP,10,9,0,1,1,0,1,0.0,0.0,0.0,100.0,LEARN_MORE,
965605423292504,Elite Site Hub,Other,False,NO_SIGNAL_DROP,10,6,0,4,0,4,1,0.0,0.0,0.0,100.0,GET_OFFER,
595659060445394,Intechtel,Other,False,NO_SIGNAL_DROP,10,10,0,0,0,0,1,0.0,0.0,0.0,100.0,LEARN_MORE,
708412989018002,Jennifer Kochis,Other,False,NO_SIGNAL_DROP,10,9,0,1,1,0,1,0.0,0.0,0.0,100.0,LEARN_MORE,
116056128433888,"Titan Fitness and Tanning - Hewitt, TX",Other,False,NO_SIGNAL_DROP,10,10,0,0,0,0,1,0.0,0.0,0.0,100.0,LEARN_MORE,
796372543556807,Gullah Business of Charleston ,Other,False,NO_SIGNAL_DROP,10,8,0,2,2,0,1,0.0,0.0,0.0,100.0,VIEW_INSTAGRAM_PROFILE,
244233235439724,Cargado,Other,False,NO_SIGNAL_DROP,10,8,0,2,2,0,1,0.0,0.0,0.0,100.0,LEARN_MORE,
191226110738961,Will Nelson,Other,False,NO_SIGNAL_DROP,10,9,0,1,1,0,1,0.0,0.0,0.0,100.0,LEARN_MORE,
107704712237009,Knowledge Point,Other,False,NO_SIGNAL_DROP,10,10,0,0,0,0,1,0.0,0.0,0.0,100.0,LEARN_MORE,
791277294348854,SDCT.shop - Sew Dreams Come True,Other,False,NO_SIGNAL_DROP,10,10,0,0,0,0,1,0.0,0.0,0.0,100.0,LEARN_MORE,
755858827614675,NovelBar-Prologue Books-ct ,Other,False,NO_SIGNAL_DROP,9,9,0,0,0,0,3,0.0,0.0,0.0,100.0,LEARN_MORE,
842313982296322,Donald Greene,Other,False,NO_SIGNAL_DROP,9,9,0,0,0,0,2,0.0,0.0,0.0,100.0,WATCH_MORE,
823062317560874,Grow-Jitsu,Other,False,NO_SIGNAL_DROP,9,7,0,2,2,0,2,0.0,0.0,0.0,100.0,LEARN_MORE,
885617501297852,MotionEdge 25,Other,False,NO_SIGNAL_DROP,9,6,0,3,1,2,2,0.0,0.0,0.0,100.0,LEARN_MORE,
939950445864920,Stardusttv super crazy drama,Content/Entertainment,False,NO_SIGNAL_DROP,9,7,2,0,0,0,2,0.0,0.0,0.0,100.0,WATCH_MORE,
774655012389837,JoyReels Tv-2-19,Other,False,NO_SIGNAL_DROP,9,9,0,0,0,0,2,0.0,0.0,0.0,100.0,WATCH_MORE,
666733786532039,JoyReels Tv-2-27,Other,False,NO_SIGNAL_DROP,9,9,0,0,0,0,2,0.0,0.0,0.0,100.0,WATCH_MORE,
667614563112892,Literie-AmorVerse,Other,False,NO_SIGNAL_DROP,9,7,0,2,2,0,2,0.0,0.0,0.0,100.0,LEARN_MORE,
797144753485390,The Nova Line,Other,False,NO_SIGNAL_DROP,9,7,0,2,2,0,2,0.0,0.0,0.0,100.0,LEARN_MORE,
807099172492016,84 Urban Frame,Other,False,NO_SIGNAL_DROP,9,7,0,2,2,0,2,0.0,0.0,0.0,100.0,LEARN_MORE,
103205418421715,Wanda Lambert,Other,False,NO_SIGNAL_DROP,9,9,0,0,0,0,1,0.0,0.0,0.0,100.0,LEARN_MORE,
907597462441140,Maxxed Out Mastermind Live,Other,False,NO_SIGNAL_DROP,9,7,2,0,0,0,1,0.0,0.0,0.0,100.0,LEARN_MORE,
1403538619953304,Tech Security USA,Other,False,NO_SIGNAL_DROP,9,8,0,1,1,0,1,0.0,0.0,0.0,100.0,SHOP_NOW,
100485164736202,"North Charleston, SC Local - News Break",Other,False,NO_SIGNAL_DROP,9,9,0,0,0,0,1,0.0,0.0,0.0,100.0,INSTALL_MOBILE_APP,
951164271405879,MOW R1,Other,False,NO_SIGNAL_DROP,9,4,2,3,1,2,1,0.0,0.0,0.0,100.0,DOWNLOAD,
149909581535915,OT Yourself to Freedom,Other,False,NO_SIGNAL_DROP,9,9,0,0,0,0,1,0.0,0.0,0.0,100.0,LEARN_MORE,
116325884895298,FictionDive,Other,False,NO_SIGNAL_DROP,9,4,4,1,1,0,1,0.0,0.0,0.0,100.0,LEARN_MORE,
169621993449224,"Cedar Rapids, IA Local - News Break",Other,False,NO_SIGNAL_DROP,9,9,0,0,0,0,1,0.0,0.0,0.0,100.0,INSTALL_MOBILE_APP,
824439524079329,Romance Reading Room,Content/Entertainment,False,NO_SIGNAL_DROP,9,5,2,2,2,0,1,0.0,0.0,0.0,100.0,LEARN_MORE,
810454058822517,CDowdell CPAs,Other,False,NO_SIGNAL_DROP,9,7,0,2,0,2,1,0.0,0.0,0.0,100.0,LEARN_MORE,
875283525660703,Flick-zzx-0,Other,False,NO_SIGNAL_DROP,9,9,0,0,0,0,1,0.0,0.0,0.0,100.0,WATCH_MORE,
878273822043204,QWR Q2,Other,False,NO_SIGNAL_DROP,9,4,2,3,1,2,1,0.0,0.0,0.0,100.0,DOWNLOAD,
106882464109337,Marketing Funnelista,Professional Services,False,NO_SIGNAL_DROP,9,8,0,1,1,0,1,0.0,0.0,0.0,100.0,LEARN_MORE,
852636167924348,My Drama - Romance in the Stars,Content/Entertainment,False,NO_SIGNAL_DROP,9,9,0,0,0,0,1,0.0,0.0,0.0,100.0,WATCH_MORE,
790083637529956,Tales That Touch the Soul,Other,False,NO_SIGNAL_DROP,9,6,2,1,1,0,1,0.0,0.0,0.0,100.0,LEARN_MORE,
844264212093508,MiniNovel,Other,False,NO_SIGNAL_DROP,8,6,0,2,2,0,2,0.0,0.0,0.0,100.0,LEARN_MORE,
172504859270753,Kevin Luu,Other,False,NO_SIGNAL_DROP,8,8,0,0,0,0,2,0.0,0.0,0.0,100.0,LEARN_MORE,
819521154575548,Beyond 14 Ridge,Other,False,NO_SIGNAL_DROP,8,6,0,2,2,0,2,0.0,0.0,0.0,100.0,LEARN_MORE,
113794804963697,Mau Davis Yousef 765000,Other,False,NO_SIGNAL_DROP,8,6,0,2,2,0,2,0.0,0.0,0.0,100.0,LEARN_MORE,
104530055990869,EA1628-eng,Other,False,NO_SIGNAL_DROP,8,7,0,1,1,0,2,0.0,0.0,0.0,100.0,LEARN_MORE,
725110530694797,Supercharged Sprouts,Other,False,NO_SIGNAL_DROP,8,8,0,0,0,0,1,0.0,0.0,0.0,100.0,VIEW_INSTAGRAM_PROFILE,
884053258121330,FrameSpirit08,Other,False,NO_SIGNAL_DROP,8,4,0,4,0,4,1,0.0,0.0,0.0,100.0,LEARN_MORE,
501754249681124,Power BI For Everyone,Other,False,NO_SIGNAL_DROP,8,8,0,0,0,0,1,0.0,0.0,0.0,100.0,LEARN_MORE,
740781519111374,JoyReels Tv-2-6,Other,False,NO_SIGNAL_DROP,8,8,0,0,0,0,1,0.0,0.0,0.0,100.0,WATCH_MORE,
104865529061721,Adwerx for Business,Other,False,NO_SIGNAL_DROP,8,6,0,2,0,2,1,0.0,0.0,0.0,100.0,,
686656021200313,JoyReels Tv-2-7,Other,False,NO_SIGNAL_DROP,8,8,0,0,0,0,1,0.0,0.0,0.0,100.0,WATCH_MORE,
678258938708308,Etta Interiors,Other,False,NO_SIGNAL_DROP,8,8,0,0,0,0,1,0.0,0.0,0.0,100.0,VIEW_INSTAGRAM_PROFILE,
661618850377529,Trying To Clone? ,Other,False,NO_SIGNAL_DROP,8,8,0,0,0,0,1,0.0,0.0,0.0,100.0,LEARN_MORE,
928293243697781,The pink elephant piercing and tattoo parlor,Other,False,NO_SIGNAL_DROP,8,5,0,3,3,0,1,0.0,0.0,0.0,100.0,VIEW_INSTAGRAM_PROFILE,
620895337781208,brpro225,Other,False,NO_SIGNAL_DROP,8,4,2,2,2,0,1,0.0,0.0,0.0,100.0,VIEW_INSTAGRAM_PROFILE,
325355023997852,knightshinedetailing,Other,False,NO_SIGNAL_DROP,8,4,2,2,2,0,1,0.0,0.0,0.0,100.0,VIEW_INSTAGRAM_PROFILE,
106726144926757,"Athens County, OH",Other,False,NO_SIGNAL_DROP,8,8,0,0,0,0,1,0.0,0.0,0.0,100.0,INSTALL_MOBILE_APP,
779592268580367,StoryVerse08,Other,False,NO_SIGNAL_DROP,8,4,0,4,0,4,1,0.0,0.0,0.0,100.0,LEARN_MORE,
866601563204729,visionaryanalyst,Other,False,NO_SIGNAL_DROP,8,4,0,4,0,4,1,0.0,0.0,0.0,100.0,VIEW_INSTAGRAM_PROFILE,
477412422128907,Digital Marketing With Elaine,Professional Services,False,NO_SIGNAL_DROP,8,8,0,0,0,0,1,0.0,0.0,0.0,100.0,LEARN_MORE,
858194454039863,ShadowDock 10,Other,False,NO_SIGNAL_DROP,7,6,0,1,1,0,2,0.0,0.0,0.0,100.0,LEARN_MORE,
749514961588075,Lunar 44 Grove,Other,False,NO_SIGNAL_DROP,7,6,0,1,1,0,2,0.0,0.0,0.0,100.0,LEARN_MORE,
785712744618877,Migmig Games,Other,False,NO_SIGNAL_DROP,7,7,0,0,0,0,2,0.0,0.0,0.0,100.0,PLAY_GAME,
732289816625035,JoyReels Tv-2-11,Other,False,NO_SIGNAL_DROP,7,7,0,0,0,0,1,0.0,0.0,0.0,100.0,WATCH_MORE,
101895195409248,"Linn County, IA",Other,False,NO_SIGNAL_DROP,7,7,0,0,0,0,1,0.0,0.0,0.0,100.0,INSTALL_MOBILE_APP,
148342072588615,TooMedia Strategies,Other,False,NO_SIGNAL_DROP,7,7,0,0,0,0,1,0.0,0.0,0.0,100.0,LEARN_MORE,
805933722612538,Stardusttv-engaging dramas,Other,False,NO_SIGNAL_DROP,7,7,0,0,0,0,1,0.0,0.0,0.0,100.0,WATCH_MORE,
273646192500789,Darline Elizabeth,Other,False,NO_SIGNAL_DROP,7,7,0,0,0,0,1,0.0,0.0,0.0,100.0,LEARN_MORE,
821280461079590,Local Lead Machine,Other,False,NO_SIGNAL_DROP,7,5,0,2,2,0,1,0.0,0.0,0.0,100.0,GET_IN_TOUCH,
810873985443987,FundedX,Other,False,NO_SIGNAL_DROP,7,6,0,1,1,0,1,0.0,0.0,0.0,100.0,LEARN_MORE,
104898459201333,Fisher Leroy Dario 264645,Other,False,NO_SIGNAL_DROP,6,4,0,2,2,0,1,0.0,0.0,0.0,100.0,LEARN_MORE,
929948790199465,frequency_higher_ent,Other,False,NO_SIGNAL_DROP,6,4,2,0,0,0,1,0.0,0.0,0.0,100.0,VIEW_INSTAGRAM_PROFILE,
1006182605904437,Madrids Media Marketing,Professional Services,False,NO_SIGNAL_DROP,6,4,2,0,0,0,1,0.0,0.0,0.0,100.0,VIEW_INSTAGRAM_PROFILE,
634036086450888,Golden Goose Growth,Other,False,NO_SIGNAL_DROP,6,5,0,1,1,0,1,0.0,0.0,0.0,100.0,LEARN_MORE,
634117949775823,the.calm.chapter,Content/Entertainment,False,NO_SIGNAL_DROP,6,4,0,2,2,0,1,0.0,0.0,0.0,100.0,VIEW_INSTAGRAM_PROFILE,
928490527008154,Whispered-LoveNotes-jl16,Other,False,NO_SIGNAL_DROP,6,4,0,2,2,0,1,0.0,0.0,0.0,100.0,LEARN_MORE,
830605780144437,Whispered-LoveNotes-jl13,Other,False,NO_SIGNAL_DROP,6,4,0,2,2,0,1,0.0,0.0,0.0,100.0,LEARN_MORE,
810151705507432,Vortex Legends,Other,False,NO_SIGNAL_DROP,6,5,0,1,1,0,1,0.0,0.0,0.0,100.0,LEARN_MORE,
180976698437336,dominickpupa,Other,False,NO_SIGNAL_DROP,6,4,2,0,0,0,1,0.0,0.0,0.0,100.0,VIEW_INSTAGRAM_PROFILE,
849017461620511,Best two,Other,False,NO_SIGNAL_DROP,6,4,0,2,2,0,1,0.0,0.0,0.0,100.0,LEARN_MORE,
700368583162491,arvell.b.anthony,Other,False,NO_SIGNAL_DROP,5,4,0,1,1,0,1,0.0,0.0,0.0,100.0,VIEW_INSTAGRAM_PROFILE,
733936369799245,GSD SoCal Solutions,Other,False,NO_SIGNAL_DROP,4,4,0,0,0,0,1,0.0,0.0,0.0,100.0,INSTAGRAM_MESSAGE,
524096424128937,badboyzcyclez,Other,False,NO_SIGNAL_DROP,4,4,0,0,0,0,1,0.0,0.0,0.0,100.0,VIEW_INSTAGRAM_PROFILE,
102043022985456,thehcoonline,Other,False,NO_SIGNAL_DROP,4,4,0,0,0,0,1,0.0,0.0,0.0,100.0,INSTAGRAM_MESSAGE,
880659335125741,roadcrewtires,Other,False,NO_SIGNAL_DROP,4,4,0,0,0,0,1,0.0,0.0,0.0,100.0,SHOP_NOW,
436911456183324,media_toolbox,Other,False,NO_SIGNAL_DROP,4,4,0,0,0,0,1,0.0,0.0,0.0,100.0,LEARN_MORE,
110485805201208,Show Storm,Other,False,NO_SIGNAL_DROP,4,4,0,0,0,0,1,0.0,0.0,0.0,100.0,WATCH_MORE,
