domain,hq_city,hq_state,hq_country
lahaus.com,Bogotá,,Colombia
lahaus.ai,Bogotá,,Colombia
pei.com.co,Bogotá,,Colombia
bancolombia.com.co,Medellín,Antioquia,Colombia
amarilo.com,Bogotá,,Colombia
terranum.com,Bogotá,,Colombia
atica.co,Bogotá,,Colombia
jaguarcapital.co,Bogotá,,Colombia
g40.com.co,Bogotá,,Colombia
anpro.com.co,Bogotá,,Colombia
luxurypresence.com,Los Angeles,California,United States
wework.com,New York,New York,United States
compstak.com,New York,New York,United States
iwgplc.com,Zug,,Switzerland
desarrollourbano.com.co,Bogotá,,Colombia
incorporativa.co,Bogotá,,Colombia
estrenarvivienda.com,Bogotá,,Colombia
conceptuminmobiliaria.com.co,Bogotá,,Colombia
riverridgerentals.com,Miami,Florida,United States
